identifier,cl,dh,diff
absolventa_17-12-18-14-28-13-605786,51.199999999999996,73.60000000000001,22.400000000000013
absolventa_17-12-18-14-31-32-414451,33.2,49.2,16.0
absolventa_17-12-18-14-32-04-376113,18.8,31.6,12.8
absolventa_17-12-18-14-29-26-571940,20.8,33.599999999999994,12.799999999999994
absolventa_17-12-18-14-28-21-236900,20.8,33.599999999999994,12.799999999999994
absolventa_17-12-18-14-31-30-420542,22.4,34.8,12.399999999999999
absolventa_17-12-18-14-30-04-213805,16.4,26.4,10.0
absolventa_17-12-18-14-29-31-832566,29.2,38.4,9.2
absolventa_17-12-18-14-32-10-070762,22.0,30.799999999999997,8.799999999999997
absolventa_17-12-18-14-29-18-270716,3.0000000000000004,9.6,6.6
absolventa_17-12-18-14-28-11-760390,16.4,22.799999999999997,6.399999999999999
absolventa_17-12-18-14-31-28-455940,8.999999999999998,14.999999999999998,6.0
absolventa_17-12-18-14-29-53-496779,14.4,20.4,5.999999999999998
absolventa_17-12-18-14-28-51-385690,33.199999999999996,38.4,5.200000000000003
absolventa_17-12-18-14-32-08-040793,14.8,20.0,5.199999999999999
absolventa_17-12-18-14-31-28-853181,25.6,30.4,4.799999999999997
absolventa_17-12-18-14-31-47-721877,3.4,7.8,4.4
absolventa_17-12-18-14-31-56-654343,2.8,7.2,4.4
absolventa_17-12-18-14-31-54-162187,3.4,7.8,4.4
absolventa_17-12-18-14-28-12-189556,23.200000000000003,27.6,4.399999999999999
absolventa_17-12-18-14-31-33-656581,4.199999999999999,8.4,4.200000000000001
absolventa_17-12-18-14-31-56-237591,4.8,9.0,4.2
absolventa_17-12-18-14-31-55-803546,4.8,9.0,4.2
absolventa_17-12-18-14-30-34-648569,32.8,36.8,4.0
absolventa_17-12-18-14-31-29-986118,6.199999999999999,10.2,4.0
absolventa_17-12-18-14-30-04-801188,6.8,10.799999999999999,3.999999999999999
absolventa_17-12-18-14-31-31-875773,7.3999999999999995,11.399999999999999,3.999999999999999
absolventa_17-12-18-14-31-31-454269,7.3999999999999995,11.399999999999999,3.999999999999999
absolventa_17-12-18-14-30-05-222963,9.2,12.799999999999999,3.5999999999999996
absolventa_17-12-18-14-31-51-994103,14.399999999999999,17.999999999999996,3.599999999999998
absolventa_17-12-18-14-30-19-667915,14.399999999999999,17.999999999999996,3.599999999999998
absolventa_17-12-18-14-31-39-820886,6.4,9.6,3.1999999999999993
absolventa_17-12-18-14-28-49-934607,36.4,39.2,2.8000000000000043
absolventa_17-12-18-14-29-34-030203,5.8,8.6,2.8
absolventa_17-12-18-14-29-33-582525,5.8,8.6,2.8
absolventa_17-12-18-14-28-57-331405,33.2,36.0,2.799999999999997
absolventa_17-12-18-14-28-47-657049,9.0,11.4,2.4000000000000004
absolventa_17-12-18-14-29-10-031573,11.4,13.8,2.4000000000000004
absolventa_17-12-18-14-28-22-196527,16.400000000000002,18.8,2.3999999999999986
absolventa_17-12-18-14-28-22-632840,16.400000000000002,18.8,2.3999999999999986
absolventa_17-12-18-14-31-15-488265,42.400000000000006,44.8,2.3999999999999915
absolventa_17-12-18-14-29-15-349056,42.400000000000006,44.8,2.3999999999999915
absolventa_17-12-18-14-30-07-359854,4.3999999999999995,6.6,2.2
absolventa_17-12-18-14-28-35-063716,1.4,3.6,2.2
absolventa_17-12-18-14-32-03-178031,2.0,4.2,2.2
absolventa_17-12-18-14-32-01-330204,3.8,6.0,2.2
absolventa_17-12-18-14-29-42-782735,2.0,4.2,2.2
absolventa_17-12-18-14-31-59-732975,0.8,3.0,2.2
absolventa_17-12-18-14-29-34-492425,2.5999999999999996,4.8,2.2
absolventa_17-12-18-14-31-49-399014,4.3999999999999995,6.6,2.2
absolventa_17-12-18-14-31-48-336533,3.2,5.4,2.2
absolventa_17-12-18-14-29-42-076136,2.0,4.2,2.2
absolventa_17-12-18-14-30-53-446921,1.4,3.5999999999999996,2.1999999999999997
absolventa_17-12-18-14-31-55-180409,6.0,8.2,2.1999999999999993
absolventa_17-12-18-14-31-53-587452,4.800000000000001,7.0,2.1999999999999993
absolventa_17-12-18-14-30-28-316531,4.0,6.0,2.0
absolventa_17-12-18-14-30-23-868612,4.0,6.0,2.0
absolventa_17-12-18-14-31-40-541509,4.6,6.6,2.0
absolventa_17-12-18-14-31-40-949443,4.6,6.6,2.0
absolventa_17-12-18-14-31-46-381212,5.8,7.8,2.0
absolventa_17-12-18-14-31-46-809309,5.8,7.8,2.0
absolventa_17-12-18-14-30-32-951249,12.000000000000002,14.000000000000002,2.0
absolventa_17-12-18-14-29-49-959075,12.000000000000002,14.000000000000002,2.0
absolventa_17-12-18-14-30-02-878715,9.0,11.0,2.0
absolventa_17-12-18-14-31-29-527068,2.8,4.8,2.0
absolventa_17-12-18-14-28-17-652459,47.2,48.800000000000004,1.6000000000000014
absolventa_17-12-18-14-28-18-077046,47.2,48.800000000000004,1.6000000000000014
absolventa_17-12-18-14-32-02-758694,4.6,6.2,1.6000000000000005
absolventa_17-12-18-14-30-54-568788,14.8,16.0,1.1999999999999993
absolventa_17-12-18-14-31-36-039980,4.4,5.4,1.0
absolventa_17-12-18-14-29-47-835074,3.1999999999999997,4.199999999999999,0.9999999999999996
absolventa_17-12-18-14-29-31-417432,3.8000000000000003,4.8,0.9999999999999996
absolventa_17-12-18-14-31-48-942286,18.799999999999997,19.6,0.8000000000000043
absolventa_17-12-18-14-30-08-532731,6.3999999999999995,7.2,0.8000000000000007
absolventa_17-12-18-14-32-00-373037,5.199999999999999,6.0,0.8000000000000007
absolventa_17-12-18-14-31-31-022047,6.3999999999999995,7.2,0.8000000000000007
absolventa_17-12-18-14-28-38-050288,5.199999999999999,6.0,0.8000000000000007
absolventa_17-12-18-14-30-23-451526,4.6,5.4,0.8000000000000007
absolventa_17-12-18-14-30-24-532790,4.2,5.0,0.7999999999999998
absolventa_17-12-18-14-29-47-408249,4.2,5.0,0.7999999999999998
absolventa_17-12-18-14-29-28-021993,4.8,5.6,0.7999999999999998
absolventa_17-12-18-14-28-42-347377,22.0,22.799999999999997,0.7999999999999972
absolventa_17-12-18-14-31-47-227839,1.2,1.8,0.6000000000000001
absolventa_17-12-18-14-28-25-679205,1.7999999999999998,2.4,0.6000000000000001
absolventa_17-12-18-14-29-29-062399,1.7999999999999998,2.4,0.6000000000000001
absolventa_17-12-18-14-28-37-209256,8.4,9.0,0.5999999999999996
absolventa_17-12-18-14-28-36-741872,8.4,9.0,0.5999999999999996
absolventa_17-12-18-14-28-23-640974,8.4,9.0,0.5999999999999996
absolventa_17-12-18-14-28-57-677090,28.4,28.8,0.40000000000000213
absolventa_17-12-18-14-28-36-336703,11.6,12.0,0.40000000000000036
absolventa_17-12-18-14-32-07-577836,7.6,8.0,0.40000000000000036
absolventa_17-12-18-14-32-07-007293,7.6,8.0,0.40000000000000036
absolventa_17-12-18-14-32-02-332871,13.999999999999998,14.399999999999999,0.40000000000000036
absolventa_17-12-18-14-31-59-283182,16.0,16.4,0.3999999999999986
absolventa_17-12-18-14-31-32-824192,9.799999999999999,10.0,0.20000000000000107
absolventa_17-12-18-14-31-33-250300,9.799999999999999,10.0,0.20000000000000107
absolventa_17-12-18-14-29-44-565169,3.8,4.0,0.20000000000000018
absolventa_17-12-18-14-30-15-568285,3.8,4.0,0.20000000000000018
absolventa_17-12-18-14-30-26-685097,3.8,4.0,0.20000000000000018
absolventa_17-12-18-14-29-45-629602,5.0,5.199999999999999,0.1999999999999993
absolventa_17-12-18-14-29-43-595837,4.4,4.6,0.1999999999999993
absolventa_17-12-18-14-30-34-238078,4.4,4.6,0.1999999999999993
absolventa_17-12-18-14-29-58-517255,4.0,4.0,0.0
absolventa_17-12-18-14-30-01-012366,4.0,4.0,0.0
absolventa_17-12-18-14-29-26-133529,4.6,4.6,0.0
absolventa_17-12-18-14-29-25-713067,4.6,4.6,0.0
absolventa_17-12-18-14-29-25-117796,4.6,4.6,0.0
absolventa_17-12-18-14-29-24-675619,4.6,4.6,0.0
absolventa_17-12-18-14-30-31-117805,0.0,0.0,0.0
absolventa_17-12-18-14-29-09-064223,4.6,4.6,0.0
absolventa_17-12-18-14-29-51-597789,2.8,2.8,0.0
absolventa_17-12-18-14-30-30-466926,0.0,0.0,0.0
absolventa_17-12-18-14-29-39-713300,1.2,1.2,0.0
absolventa_17-12-18-14-29-34-921369,1.2,1.2,0.0
absolventa_17-12-18-14-29-54-792814,1.2,1.2,0.0
absolventa_17-12-18-14-29-37-280898,1.2,1.2,0.0
absolventa_17-12-18-14-29-36-861814,1.2,1.2,0.0
absolventa_17-12-18-14-30-15-976811,1.2,1.2,0.0
absolventa_17-12-18-14-30-15-144457,1.7999999999999998,1.7999999999999998,0.0
absolventa_17-12-18-14-29-55-360074,1.7999999999999998,1.7999999999999998,0.0
absolventa_17-12-18-14-29-36-332849,1.2,1.2,0.0
absolventa_17-12-18-14-29-55-995961,1.2,1.2,0.0
absolventa_17-12-18-14-31-37-928884,2.4,2.4,0.0
absolventa_17-12-18-14-29-57-460598,1.2,1.2,0.0
absolventa_17-12-18-14-29-35-921356,1.2,1.2,0.0
absolventa_17-12-18-14-29-58-043935,2.4,2.4,0.0
absolventa_17-12-18-14-30-07-981450,1.7999999999999998,1.7999999999999998,0.0
absolventa_17-12-18-14-29-58-969099,1.7999999999999998,1.7999999999999998,0.0
absolventa_17-12-18-14-30-00-418051,1.2,1.2,0.0
absolventa_17-12-18-14-30-01-431932,3.0,3.0,0.0
absolventa_17-12-18-14-29-33-112362,2.4,2.4,0.0
absolventa_17-12-18-14-30-01-980681,1.7999999999999998,1.7999999999999998,0.0
absolventa_17-12-18-14-29-32-710983,2.4,2.4,0.0
absolventa_17-12-18-14-31-38-364116,2.4,2.4,0.0
absolventa_17-12-18-14-30-02-450713,3.5999999999999996,3.5999999999999996,0.0
absolventa_17-12-18-14-30-06-248797,1.7999999999999998,1.7999999999999998,0.0
absolventa_17-12-18-14-30-40-091843,0.6,0.6,0.0
absolventa_17-12-18-14-31-38-781215,0.6,0.6,0.0
absolventa_17-12-18-14-29-37-865035,1.2,1.2,0.0
absolventa_17-12-18-14-29-38-307513,1.2,1.2,0.0
absolventa_17-12-18-14-29-38-716804,1.2,1.2,0.0
absolventa_17-12-18-14-30-17-428294,2.4,2.4,0.0
absolventa_17-12-18-14-30-50-069861,1.2,1.2,0.0
absolventa_17-12-18-14-30-53-020996,0.6,0.6,0.0
absolventa_17-12-18-14-29-46-479169,1.2,1.2,0.0
absolventa_17-12-18-14-29-46-041267,1.2,1.2,0.0
absolventa_17-12-18-14-30-37-652426,0.6,0.6,0.0
absolventa_17-12-18-14-31-03-093058,2.4,2.4,0.0
absolventa_17-12-18-14-29-40-126984,1.2,1.2,0.0
absolventa_17-12-18-14-31-08-599800,0.6,0.6,0.0
absolventa_17-12-18-14-31-15-041202,2.4,2.4,0.0
absolventa_17-12-18-14-31-17-609193,2.4,2.4,0.0
absolventa_17-12-18-14-31-34-059489,1.7999999999999998,1.7999999999999998,0.0
absolventa_17-12-18-14-31-36-463682,1.7999999999999998,1.7999999999999998,0.0
absolventa_17-12-18-14-31-37-061690,1.2,1.2,0.0
absolventa_17-12-18-14-30-27-104666,1.2,1.2,0.0
absolventa_17-12-18-14-31-37-506505,0.6,0.6,0.0
absolventa_17-12-18-14-30-22-211931,2.4,2.4,0.0
absolventa_17-12-18-14-30-20-085727,3.0,3.0,0.0
absolventa_17-12-18-14-30-18-836597,1.7999999999999998,1.7999999999999998,0.0
absolventa_17-12-18-14-29-53-075596,1.2,1.2,0.0
absolventa_17-12-18-14-30-18-417345,1.2,1.2,0.0
absolventa_17-12-18-14-29-39-142784,1.7999999999999998,1.7999999999999998,0.0
absolventa_17-12-18-14-30-17-853778,1.2,1.2,0.0
absolventa_17-12-18-14-29-53-911804,1.7999999999999998,1.7999999999999998,0.0
absolventa_17-12-18-14-31-39-421076,0.6,0.6,0.0
absolventa_17-12-18-14-30-14-554697,1.7999999999999998,1.7999999999999998,0.0
absolventa_17-12-18-14-29-32-279776,3.0,3.0,0.0
absolventa_17-12-18-14-31-50-753576,2.4,2.4,0.0
absolventa_17-12-18-14-31-51-153689,2.4,2.4,0.0
absolventa_17-12-18-14-30-10-876036,1.7999999999999998,1.7999999999999998,0.0
absolventa_17-12-18-14-31-51-569327,1.2,1.2,0.0
absolventa_17-12-18-14-28-34-051696,1.7999999999999998,1.7999999999999998,0.0
absolventa_17-12-18-14-30-14-128851,2.4,2.4,0.0
absolventa_17-12-18-14-31-57-740804,0.6,0.6,0.0
absolventa_17-12-18-14-32-01-795379,1.2,1.2,0.0
absolventa_17-12-18-14-28-33-494248,1.7999999999999998,1.7999999999999998,0.0
absolventa_17-12-18-14-30-10-457988,2.4,2.4,0.0
absolventa_17-12-18-14-32-03-748097,1.7999999999999998,1.7999999999999998,0.0
absolventa_17-12-18-14-32-08-603267,0.6,0.6,0.0
absolventa_17-12-18-14-32-09-021727,1.7999999999999998,1.7999999999999998,0.0
absolventa_17-12-18-14-32-10-612788,1.7999999999999998,1.7999999999999998,0.0
absolventa_17-12-18-14-32-11-308684,1.7999999999999998,1.7999999999999998,0.0
absolventa_17-12-18-14-32-12-298378,1.2,1.2,0.0
absolventa_17-12-18-14-28-33-067544,1.2,1.2,0.0
absolventa_17-12-18-14-28-32-639353,1.2,1.2,0.0
absolventa_17-12-18-14-28-32-038231,2.4,2.4,0.0
absolventa_17-12-18-14-30-09-581789,1.7999999999999998,1.7999999999999998,0.0
absolventa_17-12-18-14-31-58-670798,0.0,0.0,0.0
absolventa_17-12-18-14-31-58-233376,0.0,0.0,0.0
absolventa_17-12-18-14-30-11-411652,2.4,2.4,0.0
absolventa_17-12-18-14-31-57-298456,1.2,1.2,0.0
absolventa_17-12-18-14-31-50-343788,2.4,2.4,0.0
absolventa_17-12-18-14-29-28-465604,1.2,1.2,0.0
absolventa_17-12-18-14-31-41-567629,2.4,2.4,0.0
absolventa_17-12-18-14-31-42-297152,1.2,1.2,0.0
absolventa_17-12-18-14-30-13-414649,3.0,3.0,0.0
absolventa_17-12-18-14-31-43-303742,2.4,2.4,0.0
absolventa_17-12-18-14-30-12-398019,3.0,3.0,0.0
absolventa_17-12-18-14-31-43-776114,1.2,1.2,0.0
absolventa_17-12-18-14-30-11-980342,1.7999999999999998,1.7999999999999998,0.0
absolventa_17-12-18-14-31-44-341142,3.0,3.0,0.0
absolventa_17-12-18-14-31-44-759776,2.4,2.4,0.0
absolventa_17-12-18-14-29-50-824815,1.2,1.2,0.0
absolventa_17-12-18-14-31-45-361277,2.4,2.4,0.0
absolventa_17-12-18-14-28-34-490212,0.6,0.6,0.0
absolventa_17-12-18-14-31-49-810661,2.4,2.4,0.0
absolventa_17-12-18-14-31-45-767202,3.5999999999999996,3.5999999999999996,0.0
absolventa_17-12-18-14-29-26-998826,0.6,0.6,0.0
absolventa_17-12-18-14-29-48-526105,6.8,6.6,-0.20000000000000018
absolventa_17-12-18-14-29-56-445310,6.8,6.6,-0.20000000000000018
absolventa_17-12-18-14-29-43-193184,6.2,6.0,-0.20000000000000018
absolventa_17-12-18-14-29-57-018642,6.8,6.6,-0.20000000000000018
absolventa_17-12-18-14-30-19-262597,9.399999999999999,9.0,-0.3999999999999986
absolventa_17-12-18-14-28-20-180419,18.0,17.6,-0.3999999999999986
absolventa_17-12-18-14-28-19-625187,18.0,17.6,-0.3999999999999986
absolventa_17-12-18-14-31-35-437494,4.199999999999999,3.8,-0.39999999999999947
absolventa_17-12-18-14-32-00-806003,6.0,5.6000000000000005,-0.39999999999999947
absolventa_17-12-18-14-31-42-897643,4.199999999999999,3.8,-0.39999999999999947
absolventa_17-12-18-14-30-30-052137,3.5999999999999996,3.2,-0.39999999999999947
absolventa_17-12-18-14-30-47-117022,6.0,5.6000000000000005,-0.39999999999999947
absolventa_17-12-18-14-32-04-920704,2.4,2.0,-0.3999999999999999
absolventa_17-12-18-14-30-20-508003,8.799999999999999,8.399999999999999,-0.40000000000000036
absolventa_17-12-18-14-30-36-689519,8.6,8.2,-0.40000000000000036
absolventa_17-12-18-14-30-50-673221,8.2,7.799999999999999,-0.40000000000000036
absolventa_17-12-18-14-30-49-044351,8.2,7.799999999999999,-0.40000000000000036
absolventa_17-12-18-14-30-21-506509,10.6,10.2,-0.40000000000000036
absolventa_17-12-18-14-30-48-630329,8.2,7.799999999999999,-0.40000000000000036
absolventa_17-12-18-14-28-13-192266,8.0,7.400000000000001,-0.5999999999999988
absolventa_17-12-18-14-29-27-535913,4.8,4.2,-0.5999999999999996
absolventa_17-12-18-14-30-25-814850,4.8,4.2,-0.5999999999999996
absolventa_17-12-18-14-28-48-082748,3.2,2.5999999999999996,-0.6000000000000005
absolventa_17-12-18-14-28-11-146499,22.799999999999997,22.0,-0.7999999999999972
absolventa_17-12-18-14-28-56-889820,42.0,41.2,-0.7999999999999972
absolventa_17-12-18-14-31-52-530807,15.6,14.8,-0.7999999999999989
absolventa_17-12-18-14-28-53-019475,11.6,10.8,-0.7999999999999989
absolventa_17-12-18-14-29-45-215668,6.0,5.2,-0.7999999999999998
absolventa_17-12-18-14-29-49-402499,7.8,7.0,-0.7999999999999998
absolventa_17-12-18-14-30-35-635143,4.0,3.2,-0.7999999999999998
absolventa_17-12-18-14-30-32-524882,6.0,5.2,-0.7999999999999998
absolventa_17-12-18-14-29-14-914016,16.8,16.0,-0.8000000000000007
absolventa_17-12-18-14-31-09-055757,14.8,14.0,-0.8000000000000007
absolventa_17-12-18-14-30-57-233356,6.2,5.2,-1.0
absolventa_17-12-18-14-28-47-220022,4.199999999999999,3.0,-1.1999999999999993
absolventa_17-12-18-14-30-12-994500,4.199999999999999,3.0,-1.1999999999999993
absolventa_17-12-18-14-29-41-438468,4.199999999999999,3.0,-1.1999999999999993
absolventa_17-12-18-14-31-25-159995,9.0,7.800000000000001,-1.1999999999999993
absolventa_17-12-18-14-32-11-883424,4.199999999999999,3.0,-1.1999999999999993
absolventa_17-12-18-14-28-20-713317,4.199999999999999,3.0,-1.1999999999999993
absolventa_17-12-18-14-30-16-870332,3.5999999999999996,2.4,-1.1999999999999997
absolventa_17-12-18-14-29-54-346190,3.5999999999999996,2.4,-1.1999999999999997
absolventa_17-12-18-14-28-25-060600,3.5999999999999996,2.4,-1.1999999999999997
absolventa_17-12-18-14-29-46-880786,3.5999999999999996,2.4,-1.1999999999999997
absolventa_17-12-18-14-30-26-270758,3.5999999999999996,2.4,-1.1999999999999997
absolventa_17-12-18-14-29-16-380218,3.5999999999999996,2.4,-1.1999999999999997
absolventa_17-12-18-14-31-21-810692,3.5999999999999996,2.4,-1.1999999999999997
absolventa_17-12-18-14-30-03-783147,5.2,4.0,-1.2000000000000002
absolventa_17-12-18-14-30-06-690796,6.0,4.8,-1.2000000000000002
absolventa_17-12-18-14-30-10-028805,6.0,4.8,-1.2000000000000002
absolventa_17-12-18-14-28-21-646151,6.0,4.8,-1.2000000000000002
absolventa_17-12-18-14-30-33-823443,5.2,4.0,-1.2000000000000002
absolventa_17-12-18-14-30-35-218822,7.800000000000001,6.6000000000000005,-1.2000000000000002
absolventa_17-12-18-14-30-24-944894,3.0,1.7999999999999998,-1.2000000000000002
absolventa_17-12-18-14-30-16-411068,5.2,4.0,-1.2000000000000002
absolventa_17-12-18-14-30-31-539403,5.4,4.2,-1.2000000000000002
absolventa_17-12-18-14-31-54-778695,3.0,1.7999999999999998,-1.2000000000000002
absolventa_17-12-18-14-31-34-468850,7.0,5.8,-1.2000000000000002
absolventa_17-12-18-14-28-24-660608,3.0,1.7999999999999998,-1.2000000000000002
absolventa_17-12-18-14-30-39-682880,3.0,1.7999999999999998,-1.2000000000000002
absolventa_17-12-18-14-30-51-930027,4.8,3.5999999999999996,-1.2000000000000002
absolventa_17-12-18-14-31-41-981313,6.4,5.199999999999999,-1.200000000000001
absolventa_17-12-18-14-28-45-237729,41.2,40.0,-1.2000000000000028
absolventa_17-12-18-14-30-23-016861,40.8,39.400000000000006,-1.3999999999999915
absolventa_17-12-18-14-32-09-628427,5.8,4.3999999999999995,-1.4000000000000004
absolventa_17-12-18-14-31-10-641986,7.199999999999999,5.6,-1.5999999999999996
absolventa_17-12-18-14-29-40-541558,23.6,22.0,-1.6000000000000014
absolventa_17-12-18-14-31-14-120985,25.0,23.4,-1.6000000000000014
absolventa_17-12-18-14-31-17-004438,25.0,23.4,-1.6000000000000014
absolventa_17-12-18-14-32-05-906692,5.0,3.1999999999999997,-1.8000000000000003
absolventa_17-12-18-14-28-12-771319,31.0,29.0,-2.0
absolventa_17-12-18-14-29-22-926147,75.2,72.80000000000001,-2.3999999999999915
absolventa_17-12-18-14-28-39-195448,39.599999999999994,37.2,-2.3999999999999915
absolventa_17-12-18-14-32-05-501840,35.6,33.2,-2.3999999999999986
absolventa_17-12-18-14-28-24-053672,16.4,14.0,-2.3999999999999986
absolventa_17-12-18-14-30-53-852301,5.3999999999999995,3.0,-2.3999999999999995
absolventa_17-12-18-14-31-09-494179,7.8,5.4,-2.3999999999999995
absolventa_17-12-18-14-30-40-743292,5.3999999999999995,3.0,-2.3999999999999995
absolventa_17-12-18-14-31-19-430380,7.199999999999999,4.8,-2.3999999999999995
absolventa_17-12-18-14-31-20-068262,7.199999999999999,4.8,-2.3999999999999995
absolventa_17-12-18-14-31-20-506795,7.199999999999999,4.8,-2.3999999999999995
absolventa_17-12-18-14-31-20-923926,7.199999999999999,4.8,-2.3999999999999995
absolventa_17-12-18-14-31-53-140033,7.8,5.4,-2.3999999999999995
absolventa_17-12-18-14-29-11-048848,8.8,6.4,-2.4000000000000004
absolventa_17-12-18-14-31-04-773007,6.0,3.5999999999999996,-2.4000000000000004
absolventa_17-12-18-14-29-52-501190,6.6,4.199999999999999,-2.4000000000000004
absolventa_17-12-18-14-30-44-807183,9.600000000000001,7.200000000000001,-2.4000000000000004
absolventa_17-12-18-14-30-46-682260,7.6000000000000005,5.2,-2.4000000000000004
absolventa_17-12-18-14-31-10-044397,6.0,3.5999999999999996,-2.4000000000000004
absolventa_17-12-18-14-31-18-888839,6.0,3.5999999999999996,-2.4000000000000004
absolventa_17-12-18-14-30-38-439540,6.0,3.5999999999999996,-2.4000000000000004
absolventa_17-12-18-14-30-52-517875,6.0,3.5999999999999996,-2.4000000000000004
absolventa_17-12-18-14-28-37-630842,9.6,7.199999999999999,-2.4000000000000004
absolventa_17-12-18-14-28-46-794726,10.0,7.6,-2.4000000000000004
absolventa_17-12-18-14-29-12-606802,8.6,6.199999999999999,-2.4000000000000004
absolventa_17-12-18-14-31-24-738064,17.6,15.2,-2.400000000000002
absolventa_17-12-18-14-29-06-813659,92.0,89.6,-2.4000000000000057
absolventa_17-12-18-14-29-07-247326,96.0,93.6,-2.4000000000000057
absolventa_17-12-18-14-31-14-629850,11.6,9.0,-2.5999999999999996
absolventa_17-12-18-14-28-26-105029,5.800000000000001,3.2,-2.6000000000000005
absolventa_17-12-18-14-28-35-923721,5.2,2.5999999999999996,-2.6000000000000005
absolventa_17-12-18-14-30-09-105023,5.800000000000001,3.2,-2.6000000000000005
absolventa_17-12-18-14-30-22-619178,83.6,80.80000000000001,-2.799999999999983
absolventa_17-12-18-14-29-05-633286,83.6,80.80000000000001,-2.799999999999983
absolventa_17-12-18-14-28-15-103720,58.8,56.0,-2.799999999999997
absolventa_17-12-18-14-28-16-063248,18.0,15.200000000000001,-2.799999999999999
absolventa_17-12-18-14-30-39-001034,3.6,0.8,-2.8
absolventa_17-12-18-14-30-46-091208,21.2,18.4,-2.8000000000000007
absolventa_17-12-18-14-30-38-077885,9.0,6.0,-3.0
absolventa_17-12-18-14-29-22-509036,35.6,32.400000000000006,-3.1999999999999957
absolventa_17-12-18-14-29-48-989755,20.8,17.6,-3.1999999999999993
absolventa_17-12-18-14-31-18-055885,31.200000000000003,28.000000000000004,-3.1999999999999993
absolventa_17-12-18-14-30-31-968618,18.8,15.6,-3.200000000000001
absolventa_17-12-18-14-28-40-632889,25.6,22.4,-3.200000000000003
absolventa_17-12-18-14-28-41-502130,25.6,22.4,-3.200000000000003
absolventa_17-12-18-14-28-43-193658,30.800000000000004,27.599999999999998,-3.2000000000000064
absolventa_17-12-18-14-30-21-081840,58.39999999999999,54.800000000000004,-3.599999999999987
absolventa_17-12-18-14-28-39-632719,38.4,34.800000000000004,-3.5999999999999943
absolventa_17-12-18-14-28-49-466141,12.399999999999999,8.8,-3.599999999999998
absolventa_17-12-18-14-28-53-463509,12.399999999999999,8.8,-3.599999999999998
absolventa_17-12-18-14-28-44-705147,12.399999999999999,8.8,-3.599999999999998
absolventa_17-12-18-14-28-55-166675,12.399999999999999,8.8,-3.599999999999998
absolventa_17-12-18-14-31-02-265827,8.399999999999999,4.8,-3.5999999999999988
absolventa_17-12-18-14-29-13-038983,9.399999999999999,5.8,-3.5999999999999988
absolventa_17-12-18-14-31-13-120618,8.399999999999999,4.8,-3.5999999999999988
absolventa_17-12-18-14-30-55-292012,7.799999999999999,4.199999999999999,-3.5999999999999996
absolventa_17-12-18-14-29-44-010779,9.6,6.0,-3.5999999999999996
absolventa_17-12-18-14-29-59-978229,9.6,6.0,-3.5999999999999996
absolventa_17-12-18-14-29-59-526821,9.6,6.0,-3.5999999999999996
absolventa_17-12-18-14-28-44-282910,9.2,5.6,-3.5999999999999996
absolventa_17-12-18-14-29-24-248872,12.799999999999999,9.2,-3.5999999999999996
absolventa_17-12-18-14-30-56-574029,7.199999999999999,3.5999999999999996,-3.5999999999999996
absolventa_17-12-18-14-29-40-980722,9.0,5.3999999999999995,-3.6000000000000005
absolventa_17-12-18-14-30-03-325542,9.0,5.3999999999999995,-3.6000000000000005
absolventa_17-12-18-14-28-35-490764,31.200000000000003,27.599999999999998,-3.600000000000005
absolventa_17-12-18-14-31-06-201924,12.2,8.399999999999999,-3.8000000000000007
absolventa_17-12-18-14-31-35-016314,17.599999999999998,13.600000000000001,-3.9999999999999964
absolventa_17-12-18-14-31-11-418389,20.799999999999997,16.8,-3.9999999999999964
absolventa_17-12-18-14-30-33-386100,17.599999999999998,13.600000000000001,-3.9999999999999964
absolventa_17-12-18-14-29-50-410431,17.599999999999998,13.600000000000001,-3.9999999999999964
absolventa_17-12-18-14-29-17-798585,37.599999999999994,33.599999999999994,-4.0
absolventa_17-12-18-14-29-20-484252,37.599999999999994,33.599999999999994,-4.0
absolventa_17-12-18-14-29-16-810625,28.799999999999997,24.799999999999997,-4.0
absolventa_17-12-18-14-30-47-999341,12.0,8.0,-4.0
absolventa_17-12-18-14-30-49-460364,12.6,8.6,-4.0
absolventa_17-12-18-14-30-28-725930,26.800000000000004,22.799999999999997,-4.000000000000007
absolventa_17-12-18-14-29-52-035171,30.4,26.0,-4.399999999999999
absolventa_17-12-18-14-28-27-133631,24.0,19.6,-4.399999999999999
absolventa_17-12-18-14-29-08-652681,22.6,18.2,-4.400000000000002
absolventa_17-12-18-14-30-57-945764,12.799999999999999,8.2,-4.6
absolventa_17-12-18-14-29-12-168907,25.799999999999997,21.0,-4.799999999999997
absolventa_17-12-18-14-30-36-238021,11.399999999999999,6.6,-4.799999999999999
absolventa_17-12-18-14-31-22-600218,15.6,10.8,-4.799999999999999
absolventa_17-12-18-14-31-05-777682,10.799999999999999,6.0,-4.799999999999999
absolventa_17-12-18-14-31-06-687192,10.799999999999999,6.0,-4.799999999999999
absolventa_17-12-18-14-29-09-598709,13.6,8.8,-4.799999999999999
absolventa_17-12-18-14-28-50-970125,11.799999999999999,7.0,-4.799999999999999
absolventa_17-12-18-14-28-50-415935,16.4,11.6,-4.799999999999999
absolventa_17-12-18-14-29-35-409554,12.6,7.8,-4.8
absolventa_17-12-18-14-30-29-597973,7.3999999999999995,2.5999999999999996,-4.8
absolventa_17-12-18-14-30-45-648151,9.6,4.8,-4.8
absolventa_17-12-18-14-28-23-092218,7.3999999999999995,2.5999999999999996,-4.8
absolventa_17-12-18-14-30-56-002342,10.2,5.3999999999999995,-4.8
absolventa_17-12-18-14-31-05-187268,9.6,4.8,-4.8
absolventa_17-12-18-14-29-15-927757,11.6,6.8,-4.8
absolventa_17-12-18-14-28-52-431059,15.8,11.0,-4.800000000000001
absolventa_17-12-18-14-28-53-898480,15.8,11.0,-4.800000000000001
absolventa_17-12-18-14-28-58-964606,15.8,11.0,-4.800000000000001
absolventa_17-12-18-14-30-47-550937,26.8,22.0,-4.800000000000001
absolventa_17-12-18-14-28-48-506361,56.400000000000006,51.6,-4.800000000000004
absolventa_17-12-18-14-31-11-071619,13.2,8.2,-5.0
absolventa_17-12-18-14-30-44-370906,14.4,9.2,-5.200000000000001
absolventa_17-12-18-14-31-23-462706,63.199999999999996,57.99999999999999,-5.200000000000003
absolventa_17-12-18-14-28-26-714443,63.199999999999996,57.99999999999999,-5.200000000000003
absolventa_17-12-18-14-31-13-673113,29.6,24.4,-5.200000000000003
absolventa_17-12-18-14-30-45-239770,18.799999999999997,13.200000000000001,-5.599999999999996
absolventa_17-12-18-14-28-43-805514,25.199999999999996,19.599999999999998,-5.599999999999998
absolventa_17-12-18-14-30-25-388837,7.2,1.6,-5.6
absolventa_17-12-18-14-29-08-198920,31.6,26.0,-5.600000000000001
absolventa_17-12-18-14-28-40-221454,32.4,26.799999999999997,-5.600000000000001
absolventa_17-12-18-14-31-01-814037,31.6,26.0,-5.600000000000001
absolventa_17-12-18-14-31-18-477298,33.599999999999994,27.599999999999998,-5.9999999999999964
absolventa_17-12-18-14-30-43-947964,13.2,7.2,-5.999999999999999
absolventa_17-12-18-14-29-14-455986,13.2,7.2,-5.999999999999999
absolventa_17-12-18-14-30-51-495248,13.2,7.2,-5.999999999999999
absolventa_17-12-18-14-31-01-104908,12.6,6.6,-6.0
absolventa_17-12-18-14-29-10-445318,51.599999999999994,45.599999999999994,-6.0
absolventa_17-12-18-14-31-16-584416,12.0,6.0,-6.0
absolventa_17-12-18-14-31-00-448249,12.0,6.0,-6.0
absolventa_17-12-18-14-29-13-611119,13.6,7.6,-6.0
absolventa_17-12-18-14-31-15-934979,14.4,8.4,-6.0
absolventa_17-12-18-14-29-11-580768,42.4,36.0,-6.399999999999999
absolventa_17-12-18-14-28-28-151599,45.199999999999996,38.8,-6.399999999999999
absolventa_17-12-18-14-28-46-368409,19.4,12.999999999999998,-6.4
absolventa_17-12-18-14-29-20-050691,44.0,37.599999999999994,-6.400000000000006
absolventa_17-12-18-14-30-58-492294,22.799999999999997,16.0,-6.799999999999997
absolventa_17-12-18-14-28-42-778784,56.4,49.599999999999994,-6.800000000000004
absolventa_17-12-18-14-28-41-065729,49.599999999999994,42.4,-7.199999999999996
absolventa_17-12-18-14-31-04-330367,18.2,10.999999999999998,-7.200000000000001
absolventa_17-12-18-14-31-07-128706,31.6,24.4,-7.200000000000003
absolventa_17-12-18-14-31-07-566532,31.6,24.4,-7.200000000000003
absolventa_17-12-18-14-31-02-682146,56.400000000000006,49.2,-7.200000000000003
absolventa_17-12-18-14-31-07-982919,31.6,24.4,-7.200000000000003
absolventa_17-12-18-14-28-49-025111,56.400000000000006,49.2,-7.200000000000003
absolventa_17-12-18-14-29-17-229562,44.0,36.8,-7.200000000000003
absolventa_17-12-18-14-31-12-709057,35.4,28.0,-7.399999999999999
absolventa_17-12-18-14-28-45-952219,52.8,45.2,-7.599999999999994
absolventa_17-12-18-14-28-30-217078,53.2,45.599999999999994,-7.6000000000000085
absolventa_17-12-18-14-28-29-772788,53.2,45.599999999999994,-7.6000000000000085
absolventa_17-12-18-14-28-28-748373,53.2,45.599999999999994,-7.6000000000000085
absolventa_17-12-18-14-28-29-178158,53.2,45.599999999999994,-7.6000000000000085
absolventa_17-12-18-14-28-58-556015,59.599999999999994,51.599999999999994,-8.0
absolventa_17-12-18-14-31-21-506711,19.8,11.4,-8.4
absolventa_17-12-18-14-28-41-924773,43.599999999999994,34.8,-8.799999999999997
absolventa_17-12-18-14-29-21-355383,48.8,40.0,-8.799999999999997
absolventa_17-12-18-14-28-55-610366,43.599999999999994,34.8,-8.799999999999997
absolventa_17-12-18-14-29-06-065915,58.4,49.599999999999994,-8.800000000000004
absolventa_17-12-18-14-29-00-012483,51.2,42.4,-8.800000000000004
absolventa_17-12-18-14-28-52-003894,42.4,33.599999999999994,-8.800000000000004
absolventa_17-12-18-14-31-27-642962,21.599999999999998,12.0,-9.599999999999998
absolventa_17-12-18-14-30-59-892967,19.8,10.2,-9.600000000000001
absolventa_17-12-18-14-28-14-596882,60.400000000000006,50.8,-9.600000000000009
absolventa_17-12-18-14-30-27-921815,45.6,35.6,-10.0
absolventa_17-12-18-14-30-05-824160,45.6,35.6,-10.0
absolventa_17-12-18-14-29-14-028851,38.4,28.0,-10.399999999999999
absolventa_17-12-18-14-28-54-328709,43.6,33.2,-10.399999999999999
absolventa_17-12-18-14-29-19-243103,38.4,28.0,-10.399999999999999
absolventa_17-12-18-14-28-17-090701,65.2,54.8,-10.400000000000006
absolventa_17-12-18-14-28-16-666916,65.2,54.8,-10.400000000000006
absolventa_17-12-18-14-30-37-200171,22.599999999999998,11.799999999999999,-10.799999999999999
absolventa_17-12-18-14-31-03-885181,22.2,11.399999999999999,-10.8
absolventa_17-12-18-14-28-19-204491,66.8,55.6,-11.199999999999996
absolventa_17-12-18-14-29-21-760564,40.4,29.2,-11.2
absolventa_17-12-18-14-29-20-933856,40.4,29.2,-11.2
absolventa_17-12-18-14-28-59-577982,56.8,45.599999999999994,-11.200000000000003
absolventa_17-12-18-14-29-18-693001,56.8,45.599999999999994,-11.200000000000003
absolventa_17-12-18-14-28-18-714339,32.4,20.8,-11.599999999999998
absolventa_17-12-18-14-31-22-177767,25.8,13.8,-12.0
absolventa_17-12-18-14-28-56-448749,28.0,16.0,-12.0
absolventa_17-12-18-14-29-23-532675,45.2,33.2,-12.0
absolventa_17-12-18-14-31-24-321076,40.8,27.6,-13.199999999999996
absolventa_17-12-18-14-28-38-605690,60.0,46.400000000000006,-13.599999999999994
absolventa_17-12-18-14-28-14-176220,81.60000000000001,67.8,-13.800000000000011
absolventa_17-12-18-14-31-23-901000,81.60000000000001,67.8,-13.800000000000011
absolventa_17-12-18-14-30-59-177059,29.4,14.999999999999998,-14.4
absolventa_17-12-18-14-28-15-641746,54.0,38.8,-15.200000000000003
absolventa_17-12-18-14-31-12-182412,32.4,16.8,-15.599999999999998
absolventa_15-12-18-20-44-27-832919,109.60000000000001,93.60000000000001,-16.0
absolventa_17-12-18-14-29-29-537093,18.2,2.2,-16.0
absolventa_17-12-18-14-31-25-624222,32.4,16.4,-16.0
absolventa_17-12-18-14-30-29-180606,59.2,42.8,-16.400000000000006
absolventa_17-12-18-14-29-07-665040,52.4,34.8,-17.6
absolventa_17-12-18-14-32-06-473094,40.39999999999999,22.4,-17.999999999999993
absolventa_17-12-18-14-28-56-037876,33.599999999999994,14.399999999999999,-19.199999999999996
absolventa_17-12-18-14-30-43-506418,55.6,36.4,-19.200000000000003
absolventa_17-12-18-14-30-42-930592,55.6,36.4,-19.200000000000003
absolventa_17-12-18-14-30-42-483195,55.6,36.4,-19.200000000000003
absolventa_17-12-18-14-29-05-203420,87.19999999999999,67.19999999999999,-20.0
absolventa_17-12-18-14-29-04-595431,87.19999999999999,67.19999999999999,-20.0
absolventa_17-12-18-14-29-02-545840,87.19999999999999,67.19999999999999,-20.0
absolventa_17-12-18-14-29-02-053617,87.19999999999999,67.19999999999999,-20.0
absolventa_17-12-18-14-29-04-179082,87.19999999999999,67.19999999999999,-20.0
absolventa_17-12-18-14-29-03-560442,87.19999999999999,67.19999999999999,-20.0
absolventa_17-12-18-14-29-03-156841,87.19999999999999,67.19999999999999,-20.0
absolventa_17-12-18-14-29-00-441993,87.19999999999999,67.19999999999999,-20.0
absolventa_17-12-18-14-29-01-215783,87.19999999999999,67.19999999999999,-20.0
absolventa_17-12-18-14-29-01-644597,87.19999999999999,67.19999999999999,-20.0
absolventa_17-12-18-14-28-27-726849,75.2,53.599999999999994,-21.60000000000001
absolventa_17-12-18-14-31-23-039665,75.2,53.599999999999994,-21.60000000000001
absolventa_17-12-18-14-29-19-641595,77.99999999999999,54.39999999999999,-23.599999999999994
absolventa_17-12-18-14-30-41-768213,70.0,43.6,-26.4
absolventa_17-12-18-14-30-41-166140,70.0,43.6,-26.4
absolventa_17-12-18-14-28-30-635805,53.599999999999994,24.4,-29.199999999999996
absolventa_17-12-18-14-28-30-990912,53.599999999999994,24.4,-29.199999999999996
absolventa_17-12-18-14-28-31-614612,53.599999999999994,24.4,-29.199999999999996
absolventa_17-12-18-14-31-27-107987,53.599999999999994,24.4,-29.199999999999996
absolventa_17-12-18-14-31-26-799326,53.599999999999994,24.4,-29.199999999999996
absolventa_17-12-18-14-31-26-394722,53.599999999999994,24.4,-29.199999999999996
absolventa_17-12-18-14-31-26-065144,53.599999999999994,24.4,-29.199999999999996
absolventa_17-12-18-14-31-28-075847,88.0,22.799999999999997,-65.2
absolventa_17-12-18-14-29-30-701379,88.80000000000001,17.2,-71.60000000000001
absolventa_17-12-18-14-29-30-254343,88.80000000000001,17.2,-71.60000000000001
