identifier,data-mining,sprachdialogsysteme,maschinelles-lernen,programmierung,markup,semantic-web,computerlinguistik,softskills,korpuslinguistik,datenbank,digitalisierung,geisteswissenschaften,digital-humanities,webdesign,digitale-edition,langzeitarchivierung
absolventa_15-12-18-20-44-27-832919,11.2,0.0,26.0,3.5999999999999996,0.0,0.0,0.0,1.2,0.0,4.800000000000001,0.0,0.0,0.0,0.0,0.0,0.0
absolventa_17-12-18-14-28-11-146499,0.0,0.0,4.0,1.2,5.2,0.0,0.0,0.6,0.0,0.0,0.0,0.0,0.0,0.0,0.0,0.0
absolventa_17-12-18-14-28-11-760390,2.8,0.0,0.0,0.0,2.6,0.0,0.0,3.5999999999999996,0.0,0.0,0.0,0.0,0.0,0.0,2.4,0.0
absolventa_17-12-18-14-28-12-189556,2.8,0.0,0.0,0.0,0.0,0.0,0.0,3.0,0.0,3.2,4.8,0.0,0.0,0.0,0.0,0.0
absolventa_17-12-18-14-28-12-771319,5.6,0.0,10.0,4.8,0.0,0.0,0.0,0.6,0.0,1.6,0.0,3.0,0.0,1.0,2.4,0.0
absolventa_17-12-18-14-28-13-192266,0.0,0.0,0.0,0.0,0.0,0.0,0.0,1.2,1.4,4.800000000000001,0.0,0.0,0.0,0.0,0.0,0.0
absolventa_17-12-18-14-28-13-605786,14.0,0.0,0.0,0.0,0.0,0.0,0.0,1.2,0.0,0.0,19.2,0.0,0.0,0.0,2.4,0.0
absolventa_17-12-18-14-28-14-176220,30.799999999999997,1.0,26.0,1.2,0.0,0.0,0.0,1.2,0.0,1.6,0.0,6.0,0.0,0.0,0.0,0.0
absolventa_17-12-18-14-28-14-596882,8.399999999999999,0.0,8.0,6.0,0.0,0.0,0.0,0.6,0.0,0.0,0.0,0.0,0.0,0.0,2.4,0.0
absolventa_17-12-18-14-28-15-103720,2.8,0.0,12.0,3.5999999999999996,0.0,0.0,0.0,0.0,0.0,4.800000000000001,0.0,0.0,0.0,0.0,4.8,0.0
absolventa_17-12-18-14-28-15-641746,5.6,0.0,4.0,7.199999999999999,0.0,0.0,0.0,0.6,0.0,0.0,0.0,0.0,0.0,2.0,0.0,0.0
absolventa_17-12-18-14-28-16-063248,2.8,0.0,2.0,1.2,0.0,0.0,0.0,0.0,0.0,1.6,0.0,0.0,0.0,0.0,0.0,0.0
absolventa_17-12-18-14-28-16-666916,11.2,0.0,12.0,3.5999999999999996,0.0,0.0,0.0,0.6,0.0,0.0,0.0,0.0,0.0,0.0,0.0,0.0
absolventa_17-12-18-14-28-17-090701,11.2,0.0,12.0,3.5999999999999996,0.0,0.0,0.0,0.6,0.0,0.0,0.0,0.0,0.0,0.0,0.0,0.0
absolventa_17-12-18-14-28-17-652459,2.8,0.0,8.0,0.0,0.0,0.0,0.0,1.2,0.0,6.4,2.4,0.0,0.0,0.0,0.0,3.6
absolventa_17-12-18-14-28-18-077046,2.8,0.0,8.0,0.0,0.0,0.0,0.0,1.2,0.0,6.4,2.4,0.0,0.0,0.0,0.0,3.6
absolventa_17-12-18-14-28-18-714339,2.8,0.0,0.0,6.0,0.0,0.0,0.0,0.6,0.0,0.0,0.0,0.0,0.0,1.0,0.0,0.0
absolventa_17-12-18-14-28-19-204491,2.8,0.0,14.0,3.5999999999999996,0.0,0.0,0.0,2.4,0.0,3.2,0.0,0.0,0.0,0.0,0.0,1.8
absolventa_17-12-18-14-28-19-625187,0.0,0.0,0.0,2.4,0.0,0.0,0.0,1.7999999999999998,0.0,1.6,0.0,3.0,0.0,0.0,0.0,0.0
absolventa_17-12-18-14-28-20-180419,0.0,0.0,0.0,2.4,0.0,0.0,0.0,1.7999999999999998,0.0,1.6,0.0,3.0,0.0,0.0,0.0,0.0
absolventa_17-12-18-14-28-20-713317,0.0,0.0,0.0,1.2,0.0,0.0,0.0,1.7999999999999998,0.0,0.0,0.0,0.0,0.0,0.0,0.0,0.0
absolventa_17-12-18-14-28-21-236900,5.6,0.0,0.0,0.0,5.2,0.0,0.0,0.6,0.0,0.0,0.0,3.0,0.0,0.0,2.4,0.0
absolventa_17-12-18-14-28-21-646151,0.0,0.0,0.0,1.2,0.0,0.0,0.0,3.5999999999999996,0.0,0.0,0.0,0.0,0.0,0.0,0.0,0.0
absolventa_17-12-18-14-28-22-196527,2.8,0.0,0.0,1.2,0.0,0.0,0.0,2.4,0.0,0.0,0.0,3.0,0.0,0.0,0.0,0.0
absolventa_17-12-18-14-28-22-632840,2.8,0.0,0.0,1.2,0.0,0.0,0.0,2.4,0.0,0.0,0.0,3.0,0.0,0.0,0.0,0.0
absolventa_17-12-18-14-28-23-092218,0.0,0.0,0.0,0.0,0.0,0.0,0.8,1.7999999999999998,0.0,0.0,0.0,0.0,0.0,0.0,0.0,0.0
absolventa_17-12-18-14-28-23-640974,0.0,0.0,0.0,0.0,0.0,0.0,0.0,1.2,0.0,0.0,0.0,0.0,0.0,6.0,0.0,1.8
absolventa_17-12-18-14-28-24-053672,0.0,0.0,2.0,0.0,0.0,0.8,0.0,2.4,0.0,0.0,0.0,0.0,0.0,0.0,0.0,1.8
absolventa_17-12-18-14-28-24-660608,0.0,0.0,0.0,1.2,0.0,0.0,0.0,0.6,0.0,0.0,0.0,0.0,0.0,0.0,0.0,0.0
absolventa_17-12-18-14-28-25-060600,0.0,0.0,0.0,1.2,0.0,0.0,0.0,1.2,0.0,0.0,0.0,0.0,0.0,0.0,0.0,0.0
absolventa_17-12-18-14-28-25-679205,0.0,0.0,0.0,0.0,0.0,0.0,0.0,0.6,0.0,0.0,0.0,0.0,0.0,0.0,0.0,1.8
absolventa_17-12-18-14-28-26-105029,0.0,0.0,0.0,1.2,0.0,0.8,0.0,1.2,0.0,0.0,0.0,0.0,0.0,0.0,0.0,0.0
absolventa_17-12-18-14-28-26-714443,8.399999999999999,0.2,12.0,2.4,0.0,0.0,0.0,0.0,0.0,0.0,0.0,6.0,0.0,0.0,0.0,0.0
absolventa_17-12-18-14-28-27-133631,2.8,0.2,2.0,0.0,2.6,0.0,0.0,1.2,0.0,0.0,0.0,0.0,0.0,1.0,0.0,0.0
absolventa_17-12-18-14-28-27-726849,5.6,0.4,16.0,2.4,0.0,0.0,0.0,2.4,0.0,0.0,0.0,0.0,0.0,0.0,0.0,0.0
absolventa_17-12-18-14-28-28-151599,0.0,0.2,10.0,1.2,2.6,0.0,0.0,0.6,0.0,0.0,4.8,0.0,0.0,0.0,0.0,0.0
absolventa_17-12-18-14-28-28-748373,8.399999999999999,0.0,10.0,2.4,0.0,0.0,0.0,0.0,0.0,0.0,0.0,0.0,0.0,2.0,0.0,0.0
absolventa_17-12-18-14-28-29-178158,8.399999999999999,0.0,10.0,2.4,0.0,0.0,0.0,0.0,0.0,0.0,0.0,0.0,0.0,2.0,0.0,0.0
absolventa_17-12-18-14-28-29-772788,8.399999999999999,0.0,10.0,2.4,0.0,0.0,0.0,0.0,0.0,0.0,0.0,0.0,0.0,2.0,0.0,0.0
absolventa_17-12-18-14-28-30-217078,8.399999999999999,0.0,10.0,2.4,0.0,0.0,0.0,0.0,0.0,0.0,0.0,0.0,0.0,2.0,0.0,0.0
absolventa_17-12-18-14-28-30-635805,0.0,0.6000000000000001,6.0,3.5999999999999996,0.0,0.8,0.0,1.2,0.0,0.0,0.0,0.0,0.0,0.0,0.0,0.0
absolventa_17-12-18-14-28-30-990912,0.0,0.6000000000000001,6.0,3.5999999999999996,0.0,0.8,0.0,1.2,0.0,0.0,0.0,0.0,0.0,0.0,0.0,0.0
absolventa_17-12-18-14-28-31-614612,0.0,0.6000000000000001,6.0,3.5999999999999996,0.0,0.8,0.0,1.2,0.0,0.0,0.0,0.0,0.0,0.0,0.0,0.0
absolventa_17-12-18-14-28-32-038231,0.0,0.0,0.0,0.0,0.0,0.0,0.0,2.4,0.0,0.0,0.0,0.0,0.0,0.0,0.0,0.0
absolventa_17-12-18-14-28-32-639353,0.0,0.0,0.0,0.0,0.0,0.0,0.0,1.2,0.0,0.0,0.0,0.0,0.0,0.0,0.0,0.0
absolventa_17-12-18-14-28-33-067544,0.0,0.0,0.0,0.0,0.0,0.0,0.0,1.2,0.0,0.0,0.0,0.0,0.0,0.0,0.0,0.0
absolventa_17-12-18-14-28-33-494248,0.0,0.0,0.0,0.0,0.0,0.0,0.0,1.7999999999999998,0.0,0.0,0.0,0.0,0.0,0.0,0.0,0.0
absolventa_17-12-18-14-28-34-051696,0.0,0.0,0.0,0.0,0.0,0.0,0.0,1.7999999999999998,0.0,0.0,0.0,0.0,0.0,0.0,0.0,0.0
absolventa_17-12-18-14-28-34-490212,0.0,0.0,0.0,0.0,0.0,0.0,0.0,0.6,0.0,0.0,0.0,0.0,0.0,0.0,0.0,0.0
absolventa_17-12-18-14-28-35-063716,0.0,0.0,0.0,0.0,0.0,0.0,0.0,0.6,0.0,0.0,0.0,3.0,0.0,0.0,0.0,0.0
absolventa_17-12-18-14-28-35-490764,5.6,0.0,4.0,0.0,0.0,0.8,0.0,1.7999999999999998,0.0,1.6,0.0,0.0,0.0,0.0,0.0,0.0
absolventa_17-12-18-14-28-35-923721,0.0,0.0,0.0,1.2,0.0,0.8,0.0,0.6,0.0,0.0,0.0,0.0,0.0,0.0,0.0,0.0
absolventa_17-12-18-14-28-36-336703,0.0,0.0,2.0,0.0,0.0,0.0,0.0,0.6,0.0,1.6,0.0,0.0,0.0,0.0,0.0,1.8
absolventa_17-12-18-14-28-36-741872,0.0,0.0,0.0,0.0,0.0,0.0,0.0,1.2,0.0,0.0,0.0,0.0,0.0,6.0,0.0,1.8
absolventa_17-12-18-14-28-37-209256,0.0,0.0,0.0,0.0,0.0,0.0,0.0,1.2,0.0,0.0,0.0,0.0,0.0,6.0,0.0,1.8
absolventa_17-12-18-14-28-37-630842,0.0,0.0,0.0,2.4,0.0,0.0,0.0,1.7999999999999998,0.0,0.0,0.0,0.0,0.0,3.0,0.0,0.0
absolventa_17-12-18-14-28-38-050288,0.0,0.0,0.0,0.0,2.6,0.0,0.0,2.4,0.0,0.0,0.0,0.0,0.0,1.0,0.0,0.0
absolventa_17-12-18-14-28-38-605690,0.0,0.0,0.0,8.4,5.2,0.0,0.0,1.7999999999999998,0.0,4.800000000000001,0.0,0.0,0.0,3.0,0.0,0.0
absolventa_17-12-18-14-28-39-195448,0.0,0.0,0.0,3.5999999999999996,7.800000000000001,0.0,0.0,0.6,0.0,1.6,0.0,0.0,0.0,5.0,0.0,0.0
absolventa_17-12-18-14-28-39-632719,0.0,0.0,0.0,4.8,7.800000000000001,0.0,0.0,0.0,0.0,0.0,0.0,0.0,0.0,3.0,0.0,1.8
absolventa_17-12-18-14-28-40-221454,0.0,0.0,0.0,3.5999999999999996,2.6,0.0,0.0,3.5999999999999996,0.0,1.6,0.0,0.0,0.0,2.0,0.0,0.0
absolventa_17-12-18-14-28-40-632889,0.0,0.0,0.0,2.4,2.6,0.0,0.0,0.0,0.0,3.2,0.0,0.0,0.0,3.0,0.0,0.0
absolventa_17-12-18-14-28-41-065729,0.0,0.0,0.0,6.0,7.800000000000001,0.0,0.0,1.2,0.0,3.2,0.0,0.0,0.0,3.0,0.0,0.0
absolventa_17-12-18-14-28-41-502130,0.0,0.0,0.0,2.4,2.6,0.0,0.0,0.0,0.0,3.2,0.0,0.0,0.0,3.0,0.0,0.0
absolventa_17-12-18-14-28-41-924773,0.0,0.0,0.0,6.0,5.2,0.0,0.0,1.2,0.0,0.0,0.0,0.0,0.0,5.0,0.0,0.0
absolventa_17-12-18-14-28-42-347377,0.0,0.0,0.0,1.2,5.2,0.0,0.0,3.0,0.0,0.0,0.0,0.0,0.0,2.0,0.0,0.0
absolventa_17-12-18-14-28-42-778784,2.8,0.0,2.0,4.8,5.2,0.0,0.0,3.0,0.0,0.0,0.0,0.0,0.0,7.0,0.0,0.0
absolventa_17-12-18-14-28-43-193658,0.0,0.0,0.0,2.4,2.6,0.0,0.0,1.7999999999999998,0.0,0.0,0.0,0.0,0.0,7.0,0.0,0.0
absolventa_17-12-18-14-28-43-805514,0.0,0.0,0.0,3.5999999999999996,2.6,0.0,0.0,0.6,0.0,0.0,0.0,0.0,0.0,3.0,0.0,0.0
absolventa_17-12-18-14-28-44-282910,0.0,0.0,0.0,3.5999999999999996,0.0,0.0,0.0,0.0,0.0,0.0,0.0,0.0,0.0,2.0,0.0,0.0
absolventa_17-12-18-14-28-44-705147,0.0,0.0,0.0,3.5999999999999996,0.0,0.0,0.0,1.2,0.0,0.0,0.0,0.0,0.0,4.0,0.0,0.0
absolventa_17-12-18-14-28-45-237729,0.0,0.0,0.0,3.5999999999999996,2.6,0.0,0.0,1.2,0.0,1.6,0.0,3.0,0.0,8.0,0.0,0.0
absolventa_17-12-18-14-28-45-952219,0.0,0.0,0.0,6.0,7.800000000000001,0.0,0.4,2.4,0.0,0.0,0.0,3.0,0.0,3.0,0.0,0.0
absolventa_17-12-18-14-28-46-368409,0.0,0.0,0.0,7.199999999999999,2.6,0.0,0.0,0.0,0.0,3.2,0.0,0.0,0.0,0.0,0.0,0.0
absolventa_17-12-18-14-28-46-794726,0.0,0.0,0.0,2.4,0.0,0.0,0.0,0.0,0.0,3.2,0.0,0.0,0.0,2.0,0.0,0.0
absolventa_17-12-18-14-28-47-220022,0.0,0.0,0.0,1.2,0.0,0.0,0.0,1.7999999999999998,0.0,0.0,0.0,0.0,0.0,0.0,0.0,0.0
absolventa_17-12-18-14-28-47-657049,0.0,0.0,0.0,0.0,7.800000000000001,0.0,0.0,0.6,0.0,0.0,0.0,0.0,0.0,3.0,0.0,0.0
absolventa_17-12-18-14-28-48-082748,0.0,0.0,0.0,0.0,0.0,0.0,0.0,1.2,1.4,0.0,0.0,0.0,0.0,0.0,0.0,0.0
absolventa_17-12-18-14-28-48-506361,0.0,0.0,0.0,4.8,7.800000000000001,0.0,0.0,3.0,0.0,3.2,0.0,0.0,0.0,7.0,0.0,0.0
absolventa_17-12-18-14-28-49-025111,0.0,0.0,0.0,6.0,7.800000000000001,0.0,0.0,0.0,0.0,4.800000000000001,0.0,0.0,0.0,6.0,0.0,0.0
absolventa_17-12-18-14-28-49-466141,0.0,0.0,0.0,3.5999999999999996,0.0,0.0,0.0,1.2,0.0,0.0,0.0,0.0,0.0,4.0,0.0,0.0
absolventa_17-12-18-14-28-49-934607,0.0,0.0,0.0,2.4,5.2,0.0,0.0,2.4,0.0,1.6,0.0,3.0,0.0,5.0,0.0,0.0
absolventa_17-12-18-14-28-50-415935,0.0,0.0,0.0,4.8,0.0,0.0,0.0,1.7999999999999998,0.0,0.0,0.0,0.0,0.0,5.0,0.0,0.0
absolventa_17-12-18-14-28-50-970125,0.0,0.0,0.0,4.8,0.0,0.0,0.0,0.6,0.0,1.6,0.0,0.0,0.0,0.0,0.0,0.0
absolventa_17-12-18-14-28-51-385690,0.0,0.0,0.0,1.2,5.2,0.0,0.0,1.7999999999999998,0.0,0.0,0.0,3.0,0.0,8.0,0.0,0.0
absolventa_17-12-18-14-28-52-003894,0.0,0.0,0.0,6.0,5.2,0.0,0.0,0.6,0.0,0.0,0.0,0.0,0.0,5.0,0.0,0.0
absolventa_17-12-18-14-28-52-431059,0.0,0.0,0.0,4.8,0.0,0.0,0.0,1.2,0.0,0.0,0.0,0.0,0.0,5.0,0.0,0.0
absolventa_17-12-18-14-28-53-019475,0.0,0.0,0.0,1.2,2.6,0.0,0.0,0.6,0.0,0.0,0.0,0.0,0.0,1.0,0.0,0.0
absolventa_17-12-18-14-28-53-463509,0.0,0.0,0.0,3.5999999999999996,0.0,0.0,0.0,1.2,0.0,0.0,0.0,0.0,0.0,4.0,0.0,0.0
absolventa_17-12-18-14-28-53-898480,0.0,0.0,0.0,4.8,0.0,0.0,0.0,1.2,0.0,0.0,0.0,0.0,0.0,5.0,0.0,0.0
absolventa_17-12-18-14-28-54-328709,0.0,0.0,0.0,6.0,2.6,0.0,0.0,3.0,0.0,0.0,0.0,0.0,0.0,5.0,0.0,0.0
absolventa_17-12-18-14-28-55-166675,0.0,0.0,0.0,3.5999999999999996,0.0,0.0,0.0,1.2,0.0,0.0,0.0,0.0,0.0,4.0,0.0,0.0
absolventa_17-12-18-14-28-55-610366,0.0,0.0,0.0,6.0,5.2,0.0,0.0,1.2,0.0,0.0,0.0,0.0,0.0,5.0,0.0,0.0
absolventa_17-12-18-14-28-56-037876,0.0,0.0,0.0,4.8,0.0,0.0,0.8,0.6,0.0,0.0,0.0,0.0,0.0,1.0,0.0,0.0
absolventa_17-12-18-14-28-56-448749,0.0,0.0,0.0,12.0,0.0,0.0,0.0,0.0,0.0,0.0,0.0,0.0,0.0,4.0,0.0,0.0
absolventa_17-12-18-14-28-56-889820,0.0,0.0,0.0,3.5999999999999996,10.4,0.0,0.0,0.6,0.0,0.0,0.0,0.0,0.0,6.0,0.0,0.0
absolventa_17-12-18-14-28-57-331405,0.0,0.0,0.0,2.4,5.2,0.0,0.0,2.4,0.0,0.0,0.0,3.0,0.0,5.0,0.0,0.0
absolventa_17-12-18-14-28-57-677090,0.0,0.0,0.0,3.5999999999999996,2.6,0.8,0.0,0.6,0.0,0.0,0.0,0.0,0.0,2.0,4.8,0.0
absolventa_17-12-18-14-28-58-556015,0.0,0.0,0.0,7.199999999999999,10.4,0.0,0.0,1.2,0.0,0.0,0.0,0.0,0.0,7.0,0.0,0.0
absolventa_17-12-18-14-28-58-964606,0.0,0.0,0.0,4.8,0.0,0.0,0.0,1.2,0.0,0.0,0.0,0.0,0.0,5.0,0.0,0.0
absolventa_17-12-18-14-28-59-577982,0.0,0.0,0.0,7.199999999999999,5.2,0.0,0.0,2.4,0.0,0.0,0.0,0.0,0.0,8.0,0.0,0.0
absolventa_17-12-18-14-29-00-012483,0.0,0.0,0.0,6.0,5.2,0.0,0.0,1.2,0.0,4.800000000000001,0.0,0.0,0.0,4.0,0.0,0.0
absolventa_17-12-18-14-29-00-441993,0.0,0.0,0.0,10.799999999999999,10.4,0.0,0.4,3.0,0.0,0.0,0.0,0.0,0.0,9.0,0.0,0.0
absolventa_17-12-18-14-29-01-215783,0.0,0.0,0.0,10.799999999999999,10.4,0.0,0.4,3.0,0.0,0.0,0.0,0.0,0.0,9.0,0.0,0.0
absolventa_17-12-18-14-29-01-644597,0.0,0.0,0.0,10.799999999999999,10.4,0.0,0.4,3.0,0.0,0.0,0.0,0.0,0.0,9.0,0.0,0.0
absolventa_17-12-18-14-29-02-053617,0.0,0.0,0.0,10.799999999999999,10.4,0.0,0.4,3.0,0.0,0.0,0.0,0.0,0.0,9.0,0.0,0.0
absolventa_17-12-18-14-29-02-545840,0.0,0.0,0.0,10.799999999999999,10.4,0.0,0.4,3.0,0.0,0.0,0.0,0.0,0.0,9.0,0.0,0.0
absolventa_17-12-18-14-29-03-156841,0.0,0.0,0.0,10.799999999999999,10.4,0.0,0.4,3.0,0.0,0.0,0.0,0.0,0.0,9.0,0.0,0.0
absolventa_17-12-18-14-29-03-560442,0.0,0.0,0.0,10.799999999999999,10.4,0.0,0.4,3.0,0.0,0.0,0.0,0.0,0.0,9.0,0.0,0.0
absolventa_17-12-18-14-29-04-179082,0.0,0.0,0.0,10.799999999999999,10.4,0.0,0.4,3.0,0.0,0.0,0.0,0.0,0.0,9.0,0.0,0.0
absolventa_17-12-18-14-29-04-595431,0.0,0.0,0.0,10.799999999999999,10.4,0.0,0.4,3.0,0.0,0.0,0.0,0.0,0.0,9.0,0.0,0.0
absolventa_17-12-18-14-29-05-203420,0.0,0.0,0.0,10.799999999999999,10.4,0.0,0.4,3.0,0.0,0.0,0.0,0.0,0.0,9.0,0.0,0.0
absolventa_17-12-18-14-29-05-633286,0.0,0.0,0.0,7.199999999999999,15.600000000000001,0.0,0.0,1.7999999999999998,0.0,6.4,2.4,0.0,0.0,7.0,0.0,0.0
absolventa_17-12-18-14-29-06-065915,0.0,0.0,0.0,6.0,5.2,0.0,0.0,3.5999999999999996,0.0,0.0,0.0,0.0,0.0,10.0,0.0,0.0
absolventa_17-12-18-14-29-06-813659,0.0,0.0,0.0,6.0,15.600000000000001,0.0,0.0,0.0,0.0,3.2,0.0,0.0,0.0,20.0,0.0,0.0
absolventa_17-12-18-14-29-07-247326,0.0,0.0,0.0,6.0,15.600000000000001,0.0,0.0,0.0,0.0,3.2,0.0,0.0,0.0,22.0,0.0,0.0
absolventa_17-12-18-14-29-07-665040,0.0,0.0,0.0,9.6,2.6,0.0,0.0,1.2,0.0,0.0,0.0,0.0,0.0,4.0,0.0,0.0
absolventa_17-12-18-14-29-08-198920,0.0,0.0,0.0,3.5999999999999996,2.6,0.0,0.0,0.0,0.0,4.800000000000001,0.0,0.0,0.0,2.0,0.0,0.0
absolventa_17-12-18-14-29-08-652681,0.0,0.0,0.0,6.0,5.2,0.0,0.0,0.0,0.0,0.0,0.0,0.0,0.0,7.0,0.0,0.0
absolventa_17-12-18-14-29-09-064223,0.0,0.0,0.0,0.0,0.0,0.0,0.0,0.6,0.0,0.0,0.0,0.0,0.0,4.0,0.0,0.0
absolventa_17-12-18-14-29-09-598709,0.0,0.0,0.0,4.8,0.0,0.0,0.0,0.0,0.0,0.0,0.0,0.0,0.0,4.0,0.0,0.0
absolventa_17-12-18-14-29-10-031573,0.0,0.0,0.0,0.0,7.800000000000001,0.0,0.0,0.0,0.0,0.0,0.0,0.0,0.0,6.0,0.0,0.0
absolventa_17-12-18-14-29-10-445318,2.8,0.0,0.0,4.8,5.2,0.0,0.0,3.0,0.0,0.0,0.0,0.0,0.0,7.0,0.0,0.0
absolventa_17-12-18-14-29-11-048848,0.0,0.0,0.0,2.4,0.0,0.0,0.0,3.0,0.0,0.0,0.0,0.0,0.0,1.0,0.0,0.0
absolventa_17-12-18-14-29-11-580768,0.0,0.0,0.0,4.8,5.2,0.0,0.0,2.4,0.0,1.6,0.0,0.0,0.0,4.0,0.0,0.0
absolventa_17-12-18-14-29-12-168907,0.0,0.0,0.0,7.199999999999999,7.800000000000001,0.0,0.0,0.0,0.0,0.0,0.0,0.0,0.0,6.0,0.0,0.0
absolventa_17-12-18-14-29-12-606802,0.0,0.0,0.0,2.4,0.0,0.0,0.0,1.7999999999999998,0.0,0.0,0.0,0.0,0.0,2.0,0.0,0.0
absolventa_17-12-18-14-29-13-038983,0.0,0.0,0.0,3.5999999999999996,0.0,0.0,0.0,1.2,0.0,0.0,0.0,0.0,0.0,1.0,0.0,0.0
absolventa_17-12-18-14-29-13-611119,0.0,0.0,0.0,6.0,0.0,0.0,0.0,0.6,0.0,0.0,0.0,0.0,0.0,1.0,0.0,0.0
absolventa_17-12-18-14-29-14-028851,0.0,0.0,0.0,6.0,2.6,0.0,0.0,2.4,0.0,0.0,0.0,0.0,0.0,3.0,0.0,0.0
absolventa_17-12-18-14-29-14-455986,0.0,0.0,0.0,6.0,0.0,0.0,0.0,1.2,0.0,0.0,0.0,0.0,0.0,0.0,0.0,0.0
absolventa_17-12-18-14-29-14-914016,0.0,0.0,0.0,1.2,2.6,0.0,0.0,1.2,0.0,0.0,0.0,0.0,0.0,3.0,0.0,0.0
absolventa_17-12-18-14-29-15-349056,0.0,0.0,0.0,4.8,5.2,0.0,0.0,3.0,0.0,0.0,0.0,3.0,0.0,4.0,2.4,0.0
absolventa_17-12-18-14-29-15-927757,0.0,0.0,0.0,4.8,0.0,0.0,0.0,0.0,0.0,0.0,0.0,0.0,0.0,2.0,0.0,0.0
absolventa_17-12-18-14-29-16-380218,0.0,0.0,0.0,1.2,0.0,0.0,0.0,1.2,0.0,0.0,0.0,0.0,0.0,0.0,0.0,0.0
absolventa_17-12-18-14-29-16-810625,0.0,0.0,0.0,3.5999999999999996,5.2,0.0,0.0,0.6,0.0,0.0,0.0,0.0,0.0,3.0,0.0,0.0
absolventa_17-12-18-14-29-17-229562,0.0,0.0,0.0,6.0,2.6,0.0,0.0,0.6,0.0,0.0,2.4,0.0,0.0,5.0,0.0,1.8
absolventa_17-12-18-14-29-17-798585,0.0,0.0,0.0,3.5999999999999996,5.2,0.0,0.0,2.4,0.0,1.6,0.0,0.0,0.0,4.0,0.0,0.0
absolventa_17-12-18-14-29-18-270716,0.0,0.0,0.0,0.0,0.0,0.0,0.0,0.6,0.0,0.0,0.0,9.0,0.0,0.0,0.0,0.0
absolventa_17-12-18-14-29-18-693001,0.0,0.0,0.0,7.199999999999999,5.2,0.0,0.0,0.6,0.0,4.800000000000001,0.0,0.0,0.0,5.0,0.0,0.0
absolventa_17-12-18-14-29-19-243103,0.0,0.0,0.0,6.0,2.6,0.0,0.0,2.4,0.0,0.0,0.0,0.0,0.0,3.0,0.0,0.0
absolventa_17-12-18-14-29-19-641595,0.0,0.0,0.0,14.399999999999999,5.2,0.0,0.0,1.2,0.0,0.0,2.4,0.0,0.0,4.0,0.0,0.0
absolventa_17-12-18-14-29-20-050691,0.0,0.0,0.0,4.8,5.2,0.0,0.0,0.6,0.0,3.2,0.0,0.0,0.0,5.0,0.0,0.0
absolventa_17-12-18-14-29-20-484252,0.0,0.0,0.0,3.5999999999999996,5.2,0.0,0.0,2.4,0.0,1.6,0.0,0.0,0.0,4.0,0.0,0.0
absolventa_17-12-18-14-29-20-933856,0.0,0.0,2.0,6.0,2.6,0.0,0.0,0.0,0.0,0.0,0.0,0.0,0.0,4.0,0.0,0.0
absolventa_17-12-18-14-29-21-355383,0.0,0.0,0.0,6.0,5.2,0.0,0.0,1.2,0.0,1.6,0.0,0.0,0.0,6.0,0.0,0.0
absolventa_17-12-18-14-29-21-760564,0.0,0.0,2.0,6.0,2.6,0.0,0.0,0.0,0.0,0.0,0.0,0.0,0.0,4.0,0.0,0.0
absolventa_17-12-18-14-29-22-509036,0.0,0.0,0.0,2.4,2.6,0.0,0.0,2.4,0.0,4.800000000000001,0.0,0.0,0.0,4.0,0.0,0.0
absolventa_17-12-18-14-29-22-926147,0.0,0.0,0.0,6.0,15.600000000000001,0.0,0.0,4.8,0.0,0.0,0.0,0.0,0.0,10.0,0.0,0.0
absolventa_17-12-18-14-29-23-532675,0.0,0.0,4.0,6.0,2.6,0.0,0.0,0.0,0.0,0.0,0.0,0.0,0.0,4.0,0.0,0.0
absolventa_17-12-18-14-29-24-248872,0.0,0.0,0.0,3.5999999999999996,0.0,0.0,0.0,0.6,0.0,0.0,0.0,0.0,0.0,5.0,0.0,0.0
absolventa_17-12-18-14-29-24-675619,0.0,0.0,0.0,0.0,0.0,0.0,0.0,0.0,0.0,1.6,0.0,0.0,0.0,3.0,0.0,0.0
absolventa_17-12-18-14-29-25-117796,0.0,0.0,0.0,0.0,0.0,0.0,0.0,0.0,0.0,1.6,0.0,0.0,0.0,3.0,0.0,0.0
absolventa_17-12-18-14-29-25-713067,0.0,0.0,0.0,0.0,0.0,0.0,0.0,0.0,0.0,1.6,0.0,0.0,0.0,3.0,0.0,0.0
absolventa_17-12-18-14-29-26-133529,0.0,0.0,0.0,0.0,0.0,0.0,0.0,0.0,0.0,1.6,0.0,0.0,0.0,3.0,0.0,0.0
absolventa_17-12-18-14-29-26-571940,5.6,0.0,0.0,0.0,5.2,0.0,0.0,0.6,0.0,0.0,0.0,3.0,0.0,0.0,2.4,0.0
absolventa_17-12-18-14-29-26-998826,0.0,0.0,0.0,0.0,0.0,0.0,0.0,0.6,0.0,0.0,0.0,0.0,0.0,0.0,0.0,0.0
absolventa_17-12-18-14-29-27-535913,0.0,0.0,0.0,1.2,0.0,0.0,0.0,1.2,0.0,0.0,0.0,0.0,0.0,0.0,0.0,1.8
absolventa_17-12-18-14-29-28-021993,0.0,0.0,0.0,0.0,0.0,0.8,0.0,1.7999999999999998,0.0,0.0,0.0,3.0,0.0,0.0,0.0,0.0
absolventa_17-12-18-14-29-28-465604,0.0,0.0,0.0,0.0,0.0,0.0,0.0,1.2,0.0,0.0,0.0,0.0,0.0,0.0,0.0,0.0
absolventa_17-12-18-14-29-29-062399,0.0,0.0,0.0,0.0,0.0,0.0,0.0,0.6,0.0,0.0,0.0,0.0,0.0,0.0,0.0,1.8
absolventa_17-12-18-14-29-29-537093,0.0,0.8,0.0,0.0,0.0,0.0,0.8,0.6,0.0,0.0,0.0,0.0,0.0,0.0,0.0,0.0
absolventa_17-12-18-14-29-30-254343,0.0,2.0,2.0,0.0,0.0,0.0,1.6,0.0,0.0,0.0,0.0,3.0,0.0,0.0,0.0,0.0
absolventa_17-12-18-14-29-30-701379,0.0,2.0,2.0,0.0,0.0,0.0,1.6,0.0,0.0,0.0,0.0,3.0,0.0,0.0,0.0,0.0
absolventa_17-12-18-14-29-31-417432,0.0,0.0,0.0,1.2,0.0,0.0,0.0,0.6,0.0,0.0,0.0,3.0,0.0,0.0,0.0,0.0
absolventa_17-12-18-14-29-31-832566,0.0,0.0,0.0,1.2,2.6,0.0,0.0,2.4,0.0,0.0,12.0,0.0,0.0,1.0,0.0,0.0
absolventa_17-12-18-14-29-32-279776,0.0,0.0,0.0,0.0,0.0,0.0,0.0,3.0,0.0,0.0,0.0,0.0,0.0,0.0,0.0,0.0
absolventa_17-12-18-14-29-32-710983,0.0,0.0,0.0,0.0,0.0,0.0,0.0,2.4,0.0,0.0,0.0,0.0,0.0,0.0,0.0,0.0
absolventa_17-12-18-14-29-33-112362,0.0,0.0,0.0,0.0,0.0,0.0,0.0,2.4,0.0,0.0,0.0,0.0,0.0,0.0,0.0,0.0
absolventa_17-12-18-14-29-33-582525,0.0,0.0,0.0,0.0,2.6,0.0,0.0,1.2,0.0,0.0,4.8,0.0,0.0,0.0,0.0,0.0
absolventa_17-12-18-14-29-34-030203,0.0,0.0,0.0,0.0,2.6,0.0,0.0,1.2,0.0,0.0,4.8,0.0,0.0,0.0,0.0,0.0
absolventa_17-12-18-14-29-34-492425,0.0,0.0,0.0,0.0,0.0,0.0,0.0,1.7999999999999998,0.0,0.0,0.0,3.0,0.0,0.0,0.0,0.0
absolventa_17-12-18-14-29-34-921369,0.0,0.0,0.0,0.0,0.0,0.0,0.0,1.2,0.0,0.0,0.0,0.0,0.0,0.0,0.0,0.0
absolventa_17-12-18-14-29-35-409554,0.0,0.0,0.0,4.8,0.0,0.0,0.0,3.0,0.0,0.0,0.0,0.0,0.0,0.0,0.0,0.0
absolventa_17-12-18-14-29-35-921356,0.0,0.0,0.0,0.0,0.0,0.0,0.0,1.2,0.0,0.0,0.0,0.0,0.0,0.0,0.0,0.0
absolventa_17-12-18-14-29-36-332849,0.0,0.0,0.0,0.0,0.0,0.0,0.0,1.2,0.0,0.0,0.0,0.0,0.0,0.0,0.0,0.0
absolventa_17-12-18-14-29-36-861814,0.0,0.0,0.0,0.0,0.0,0.0,0.0,1.2,0.0,0.0,0.0,0.0,0.0,0.0,0.0,0.0
absolventa_17-12-18-14-29-37-280898,0.0,0.0,0.0,0.0,0.0,0.0,0.0,1.2,0.0,0.0,0.0,0.0,0.0,0.0,0.0,0.0
absolventa_17-12-18-14-29-37-865035,0.0,0.0,0.0,0.0,0.0,0.0,0.0,1.2,0.0,0.0,0.0,0.0,0.0,0.0,0.0,0.0
absolventa_17-12-18-14-29-38-307513,0.0,0.0,0.0,0.0,0.0,0.0,0.0,1.2,0.0,0.0,0.0,0.0,0.0,0.0,0.0,0.0
absolventa_17-12-18-14-29-38-716804,0.0,0.0,0.0,0.0,0.0,0.0,0.0,1.2,0.0,0.0,0.0,0.0,0.0,0.0,0.0,0.0
absolventa_17-12-18-14-29-39-142784,0.0,0.0,0.0,0.0,0.0,0.0,0.0,1.7999999999999998,0.0,0.0,0.0,0.0,0.0,0.0,0.0,0.0
absolventa_17-12-18-14-29-39-713300,0.0,0.0,0.0,0.0,0.0,0.0,0.0,1.2,0.0,0.0,0.0,0.0,0.0,0.0,0.0,0.0
absolventa_17-12-18-14-29-40-126984,0.0,0.0,0.0,0.0,0.0,0.0,0.0,1.2,0.0,0.0,0.0,0.0,0.0,0.0,0.0,0.0
absolventa_17-12-18-14-29-40-541558,0.0,0.0,2.0,2.4,0.0,0.0,0.0,1.7999999999999998,0.0,0.0,4.8,0.0,0.0,0.0,0.0,0.0
absolventa_17-12-18-14-29-40-980722,0.0,0.0,0.0,3.5999999999999996,0.0,0.0,0.0,1.7999999999999998,0.0,0.0,0.0,0.0,0.0,0.0,0.0,0.0
absolventa_17-12-18-14-29-41-438468,0.0,0.0,0.0,1.2,0.0,0.0,0.0,1.7999999999999998,0.0,0.0,0.0,0.0,0.0,0.0,0.0,0.0
absolventa_17-12-18-14-29-42-076136,0.0,0.0,0.0,0.0,0.0,0.0,0.0,1.2,0.0,0.0,0.0,3.0,0.0,0.0,0.0,0.0
absolventa_17-12-18-14-29-42-782735,0.0,0.0,0.0,0.0,0.0,0.0,0.0,1.2,0.0,0.0,0.0,3.0,0.0,0.0,0.0,0.0
absolventa_17-12-18-14-29-43-193184,2.8,0.0,2.0,0.0,0.0,0.0,0.0,1.2,0.0,0.0,0.0,0.0,0.0,0.0,0.0,0.0
absolventa_17-12-18-14-29-43-595837,2.8,0.0,0.0,0.0,0.0,0.0,0.0,1.7999999999999998,0.0,0.0,0.0,0.0,0.0,0.0,0.0,0.0
absolventa_17-12-18-14-29-44-010779,0.0,0.0,0.0,3.5999999999999996,0.0,0.0,0.0,2.4,0.0,0.0,0.0,0.0,0.0,0.0,0.0,0.0
absolventa_17-12-18-14-29-44-565169,2.8,0.0,0.0,0.0,0.0,0.0,0.0,1.2,0.0,0.0,0.0,0.0,0.0,0.0,0.0,0.0
absolventa_17-12-18-14-29-45-215668,0.0,0.0,4.0,0.0,0.0,0.0,0.0,1.2,0.0,0.0,0.0,0.0,0.0,0.0,0.0,0.0
absolventa_17-12-18-14-29-45-629602,2.8,0.0,0.0,0.0,0.0,0.0,0.0,2.4,0.0,0.0,0.0,0.0,0.0,0.0,0.0,0.0
absolventa_17-12-18-14-29-46-041267,0.0,0.0,0.0,0.0,0.0,0.0,0.0,1.2,0.0,0.0,0.0,0.0,0.0,0.0,0.0,0.0
absolventa_17-12-18-14-29-46-479169,0.0,0.0,0.0,0.0,0.0,0.0,0.0,1.2,0.0,0.0,0.0,0.0,0.0,0.0,0.0,0.0
absolventa_17-12-18-14-29-46-880786,0.0,0.0,0.0,1.2,0.0,0.0,0.0,1.2,0.0,0.0,0.0,0.0,0.0,0.0,0.0,0.0
absolventa_17-12-18-14-29-47-408249,0.0,0.0,0.0,0.0,2.6,0.0,0.0,2.4,0.0,0.0,0.0,0.0,0.0,0.0,0.0,0.0
absolventa_17-12-18-14-29-47-835074,0.0,0.0,0.0,0.0,0.0,0.0,0.0,1.7999999999999998,0.0,0.0,2.4,0.0,0.0,0.0,0.0,0.0
absolventa_17-12-18-14-29-48-526105,2.8,0.0,2.0,0.0,0.0,0.0,0.0,1.7999999999999998,0.0,0.0,0.0,0.0,0.0,0.0,0.0,0.0
absolventa_17-12-18-14-29-48-989755,0.0,0.0,0.0,2.4,2.6,0.0,0.0,1.2,0.0,1.6,0.0,0.0,0.0,1.0,0.0,0.0
absolventa_17-12-18-14-29-49-402499,0.0,0.0,4.0,0.0,0.0,0.0,0.0,3.0,0.0,0.0,0.0,0.0,0.0,0.0,0.0,0.0
absolventa_17-12-18-14-29-49-959075,0.0,0.0,0.0,1.2,0.0,0.0,0.0,1.2,0.0,1.6,0.0,3.0,0.0,0.0,0.0,0.0
absolventa_17-12-18-14-29-50-410431,0.0,0.0,4.0,1.2,0.0,0.0,0.0,0.6,0.0,0.0,0.0,0.0,0.0,1.0,0.0,0.0
absolventa_17-12-18-14-29-50-824815,0.0,0.0,0.0,0.0,0.0,0.0,0.0,1.2,0.0,0.0,0.0,0.0,0.0,0.0,0.0,0.0
absolventa_17-12-18-14-29-51-597789,0.0,0.0,0.0,0.0,0.0,0.0,0.0,1.7999999999999998,0.0,0.0,0.0,0.0,0.0,1.0,0.0,0.0
absolventa_17-12-18-14-29-52-035171,2.8,0.0,4.0,2.4,2.6,0.0,0.0,1.2,0.0,0.0,0.0,0.0,0.0,0.0,0.0,0.0
absolventa_17-12-18-14-29-52-501190,0.0,0.0,0.0,2.4,0.0,0.0,0.0,1.7999999999999998,0.0,0.0,0.0,0.0,0.0,0.0,0.0,0.0
absolventa_17-12-18-14-29-53-075596,0.0,0.0,0.0,0.0,0.0,0.0,0.0,1.2,0.0,0.0,0.0,0.0,0.0,0.0,0.0,0.0
absolventa_17-12-18-14-29-53-496779,0.0,0.0,0.0,1.2,0.0,0.0,0.0,1.2,0.0,0.0,4.8,3.0,0.0,0.0,0.0,0.0
absolventa_17-12-18-14-29-53-911804,0.0,0.0,0.0,0.0,0.0,0.0,0.0,1.7999999999999998,0.0,0.0,0.0,0.0,0.0,0.0,0.0,0.0
absolventa_17-12-18-14-29-54-346190,0.0,0.0,0.0,1.2,0.0,0.0,0.0,1.2,0.0,0.0,0.0,0.0,0.0,0.0,0.0,0.0
absolventa_17-12-18-14-29-54-792814,0.0,0.0,0.0,0.0,0.0,0.0,0.0,1.2,0.0,0.0,0.0,0.0,0.0,0.0,0.0,0.0
absolventa_17-12-18-14-29-55-360074,0.0,0.0,0.0,0.0,0.0,0.0,0.0,1.7999999999999998,0.0,0.0,0.0,0.0,0.0,0.0,0.0,0.0
absolventa_17-12-18-14-29-55-995961,0.0,0.0,0.0,0.0,0.0,0.0,0.0,1.2,0.0,0.0,0.0,0.0,0.0,0.0,0.0,0.0
absolventa_17-12-18-14-29-56-445310,2.8,0.0,2.0,0.0,0.0,0.0,0.0,1.7999999999999998,0.0,0.0,0.0,0.0,0.0,0.0,0.0,0.0
absolventa_17-12-18-14-29-57-018642,2.8,0.0,2.0,0.0,0.0,0.0,0.0,1.7999999999999998,0.0,0.0,0.0,0.0,0.0,0.0,0.0,0.0
absolventa_17-12-18-14-29-57-460598,0.0,0.0,0.0,0.0,0.0,0.0,0.0,1.2,0.0,0.0,0.0,0.0,0.0,0.0,0.0,0.0
absolventa_17-12-18-14-29-58-043935,0.0,0.0,0.0,0.0,0.0,0.0,0.0,2.4,0.0,0.0,0.0,0.0,0.0,0.0,0.0,0.0
absolventa_17-12-18-14-29-58-517255,0.0,0.0,0.0,0.0,0.0,0.0,0.0,2.4,0.0,1.6,0.0,0.0,0.0,0.0,0.0,0.0
absolventa_17-12-18-14-29-58-969099,0.0,0.0,0.0,0.0,0.0,0.0,0.0,1.7999999999999998,0.0,0.0,0.0,0.0,0.0,0.0,0.0,0.0
absolventa_17-12-18-14-29-59-526821,0.0,0.0,0.0,3.5999999999999996,0.0,0.0,0.0,2.4,0.0,0.0,0.0,0.0,0.0,0.0,0.0,0.0
absolventa_17-12-18-14-29-59-978229,0.0,0.0,0.0,3.5999999999999996,0.0,0.0,0.0,2.4,0.0,0.0,0.0,0.0,0.0,0.0,0.0,0.0
absolventa_17-12-18-14-30-00-418051,0.0,0.0,0.0,0.0,0.0,0.0,0.0,1.2,0.0,0.0,0.0,0.0,0.0,0.0,0.0,0.0
absolventa_17-12-18-14-30-01-012366,0.0,0.0,0.0,0.0,0.0,0.0,0.0,2.4,0.0,1.6,0.0,0.0,0.0,0.0,0.0,0.0
absolventa_17-12-18-14-30-01-431932,0.0,0.0,0.0,0.0,0.0,0.0,0.0,3.0,0.0,0.0,0.0,0.0,0.0,0.0,0.0,0.0
absolventa_17-12-18-14-30-01-980681,0.0,0.0,0.0,0.0,0.0,0.0,0.0,1.7999999999999998,0.0,0.0,0.0,0.0,0.0,0.0,0.0,0.0
absolventa_17-12-18-14-30-02-450713,0.0,0.0,0.0,0.0,0.0,0.0,0.0,3.5999999999999996,0.0,0.0,0.0,0.0,0.0,0.0,0.0,0.0
absolventa_17-12-18-14-30-02-878715,0.0,0.0,0.0,0.0,0.0,0.0,0.0,3.0,0.0,3.2,4.8,0.0,0.0,0.0,0.0,0.0
absolventa_17-12-18-14-30-03-325542,0.0,0.0,0.0,3.5999999999999996,0.0,0.0,0.0,1.7999999999999998,0.0,0.0,0.0,0.0,0.0,0.0,0.0,0.0
absolventa_17-12-18-14-30-03-783147,0.0,0.0,0.0,1.2,0.0,0.0,0.0,1.2,0.0,1.6,0.0,0.0,0.0,0.0,0.0,0.0
absolventa_17-12-18-14-30-04-213805,0.0,0.0,0.0,0.0,0.0,0.0,0.0,2.4,0.0,0.0,24.0,0.0,0.0,0.0,0.0,0.0
absolventa_17-12-18-14-30-04-801188,0.0,0.0,0.0,0.0,0.0,0.0,0.0,1.2,0.0,0.0,9.6,0.0,0.0,0.0,0.0,0.0
absolventa_17-12-18-14-30-05-222963,0.0,0.0,2.0,0.0,0.0,0.0,0.0,1.2,0.0,0.0,9.6,0.0,0.0,0.0,0.0,0.0
absolventa_17-12-18-14-30-05-824160,0.0,0.0,6.0,6.0,0.0,0.0,0.0,1.2,0.0,1.6,0.0,3.0,0.0,0.0,0.0,0.0
absolventa_17-12-18-14-30-06-248797,0.0,0.0,0.0,0.0,0.0,0.0,0.0,1.7999999999999998,0.0,0.0,0.0,0.0,0.0,0.0,0.0,0.0
absolventa_17-12-18-14-30-06-690796,0.0,0.0,0.0,1.2,0.0,0.0,0.0,3.5999999999999996,0.0,0.0,0.0,0.0,0.0,0.0,0.0,0.0
absolventa_17-12-18-14-30-07-359854,0.0,0.0,0.0,0.0,0.0,0.0,0.0,3.5999999999999996,0.0,0.0,0.0,3.0,0.0,0.0,0.0,0.0
absolventa_17-12-18-14-30-07-981450,0.0,0.0,0.0,0.0,0.0,0.0,0.0,1.7999999999999998,0.0,0.0,0.0,0.0,0.0,0.0,0.0,0.0
absolventa_17-12-18-14-30-08-532731,0.0,0.0,0.0,1.2,0.0,0.0,0.0,1.2,0.0,0.0,4.8,0.0,0.0,0.0,0.0,0.0
absolventa_17-12-18-14-30-09-105023,0.0,0.0,0.0,1.2,0.0,0.8,0.0,1.2,0.0,0.0,0.0,0.0,0.0,0.0,0.0,0.0
absolventa_17-12-18-14-30-09-581789,0.0,0.0,0.0,0.0,0.0,0.0,0.0,1.7999999999999998,0.0,0.0,0.0,0.0,0.0,0.0,0.0,0.0
absolventa_17-12-18-14-30-10-028805,0.0,0.0,0.0,1.2,0.0,0.0,0.0,3.5999999999999996,0.0,0.0,0.0,0.0,0.0,0.0,0.0,0.0
absolventa_17-12-18-14-30-10-457988,0.0,0.0,0.0,0.0,0.0,0.0,0.0,2.4,0.0,0.0,0.0,0.0,0.0,0.0,0.0,0.0
absolventa_17-12-18-14-30-10-876036,0.0,0.0,0.0,0.0,0.0,0.0,0.0,1.7999999999999998,0.0,0.0,0.0,0.0,0.0,0.0,0.0,0.0
absolventa_17-12-18-14-30-11-411652,0.0,0.0,0.0,0.0,0.0,0.0,0.0,2.4,0.0,0.0,0.0,0.0,0.0,0.0,0.0,0.0
absolventa_17-12-18-14-30-11-980342,0.0,0.0,0.0,0.0,0.0,0.0,0.0,1.7999999999999998,0.0,0.0,0.0,0.0,0.0,0.0,0.0,0.0
absolventa_17-12-18-14-30-12-398019,0.0,0.0,0.0,0.0,0.0,0.0,0.0,3.0,0.0,0.0,0.0,0.0,0.0,0.0,0.0,0.0
absolventa_17-12-18-14-30-12-994500,0.0,0.0,0.0,1.2,0.0,0.0,0.0,1.7999999999999998,0.0,0.0,0.0,0.0,0.0,0.0,0.0,0.0
absolventa_17-12-18-14-30-13-414649,0.0,0.0,0.0,0.0,0.0,0.0,0.0,3.0,0.0,0.0,0.0,0.0,0.0,0.0,0.0,0.0
absolventa_17-12-18-14-30-14-128851,0.0,0.0,0.0,0.0,0.0,0.0,0.0,2.4,0.0,0.0,0.0,0.0,0.0,0.0,0.0,0.0
absolventa_17-12-18-14-30-14-554697,0.0,0.0,0.0,0.0,0.0,0.0,0.0,1.7999999999999998,0.0,0.0,0.0,0.0,0.0,0.0,0.0,0.0
absolventa_17-12-18-14-30-15-144457,0.0,0.0,0.0,0.0,0.0,0.0,0.0,1.7999999999999998,0.0,0.0,0.0,0.0,0.0,0.0,0.0,0.0
absolventa_17-12-18-14-30-15-568285,2.8,0.0,0.0,0.0,0.0,0.0,0.0,1.2,0.0,0.0,0.0,0.0,0.0,0.0,0.0,0.0
absolventa_17-12-18-14-30-15-976811,0.0,0.0,0.0,0.0,0.0,0.0,0.0,1.2,0.0,0.0,0.0,0.0,0.0,0.0,0.0,0.0
absolventa_17-12-18-14-30-16-411068,0.0,0.0,0.0,1.2,0.0,0.0,0.0,1.2,0.0,1.6,0.0,0.0,0.0,0.0,0.0,0.0
absolventa_17-12-18-14-30-16-870332,0.0,0.0,0.0,1.2,0.0,0.0,0.0,1.2,0.0,0.0,0.0,0.0,0.0,0.0,0.0,0.0
absolventa_17-12-18-14-30-17-428294,0.0,0.0,0.0,0.0,0.0,0.0,0.0,2.4,0.0,0.0,0.0,0.0,0.0,0.0,0.0,0.0
absolventa_17-12-18-14-30-17-853778,0.0,0.0,0.0,0.0,0.0,0.0,0.0,1.2,0.0,0.0,0.0,0.0,0.0,0.0,0.0,0.0
absolventa_17-12-18-14-30-18-417345,0.0,0.0,0.0,0.0,0.0,0.0,0.0,1.2,0.0,0.0,0.0,0.0,0.0,0.0,0.0,0.0
absolventa_17-12-18-14-30-18-836597,0.0,0.0,0.0,0.0,0.0,0.0,0.0,1.7999999999999998,0.0,0.0,0.0,0.0,0.0,0.0,0.0,0.0
absolventa_17-12-18-14-30-19-262597,0.0,0.0,0.0,2.4,0.0,0.0,0.0,1.7999999999999998,0.0,0.0,4.8,0.0,0.0,0.0,0.0,0.0
absolventa_17-12-18-14-30-19-667915,0.0,0.0,0.0,2.4,0.0,0.0,0.0,1.2,0.0,0.0,14.399999999999999,0.0,0.0,0.0,0.0,0.0
absolventa_17-12-18-14-30-20-085727,0.0,0.0,0.0,0.0,0.0,0.0,0.0,3.0,0.0,0.0,0.0,0.0,0.0,0.0,0.0,0.0
absolventa_17-12-18-14-30-20-508003,0.0,0.0,0.0,2.4,0.0,0.0,0.0,1.2,0.0,0.0,4.8,0.0,0.0,0.0,0.0,0.0
absolventa_17-12-18-14-30-21-081840,5.6,0.0,8.0,4.8,0.0,0.0,0.0,1.2,0.0,0.0,4.8,3.0,0.0,0.0,0.0,0.0
absolventa_17-12-18-14-30-21-506509,0.0,0.0,0.0,2.4,0.0,0.0,0.0,3.0,0.0,0.0,4.8,0.0,0.0,0.0,0.0,0.0
absolventa_17-12-18-14-30-22-211931,0.0,0.0,0.0,0.0,0.0,0.0,0.0,2.4,0.0,0.0,0.0,0.0,0.0,0.0,0.0,0.0
absolventa_17-12-18-14-30-22-619178,0.0,0.0,0.0,7.199999999999999,15.600000000000001,0.0,0.0,1.7999999999999998,0.0,6.4,2.4,0.0,0.0,7.0,0.0,0.0
absolventa_17-12-18-14-30-23-016861,2.8,0.0,2.0,6.0,10.4,0.0,0.0,3.0,0.0,8.0,2.4,0.0,0.0,3.0,0.0,1.8
absolventa_17-12-18-14-30-23-451526,0.0,0.0,0.0,0.0,2.6,0.0,0.0,1.7999999999999998,0.0,0.0,0.0,0.0,0.0,1.0,0.0,0.0
absolventa_17-12-18-14-30-23-868612,0.0,0.0,0.0,0.0,0.0,0.0,0.0,1.2,0.0,0.0,4.8,0.0,0.0,0.0,0.0,0.0
absolventa_17-12-18-14-30-24-532790,0.0,0.0,0.0,0.0,2.6,0.0,0.0,2.4,0.0,0.0,0.0,0.0,0.0,0.0,0.0,0.0
absolventa_17-12-18-14-30-24-944894,0.0,0.0,0.0,1.2,0.0,0.0,0.0,0.6,0.0,0.0,0.0,0.0,0.0,0.0,0.0,0.0
absolventa_17-12-18-14-30-25-388837,0.0,0.4,0.0,0.0,0.0,0.0,0.0,1.2,0.0,0.0,0.0,0.0,0.0,0.0,0.0,0.0
absolventa_17-12-18-14-30-25-814850,0.0,0.0,0.0,1.2,0.0,0.0,0.0,1.2,0.0,0.0,0.0,0.0,0.0,0.0,0.0,1.8
absolventa_17-12-18-14-30-26-270758,0.0,0.0,0.0,1.2,0.0,0.0,0.0,1.2,0.0,0.0,0.0,0.0,0.0,0.0,0.0,0.0
absolventa_17-12-18-14-30-26-685097,2.8,0.0,0.0,0.0,0.0,0.0,0.0,1.2,0.0,0.0,0.0,0.0,0.0,0.0,0.0,0.0
absolventa_17-12-18-14-30-27-104666,0.0,0.0,0.0,0.0,0.0,0.0,0.0,1.2,0.0,0.0,0.0,0.0,0.0,0.0,0.0,0.0
absolventa_17-12-18-14-30-27-921815,0.0,0.0,6.0,6.0,0.0,0.0,0.0,1.2,0.0,1.6,0.0,3.0,0.0,0.0,0.0,0.0
absolventa_17-12-18-14-30-28-316531,0.0,0.0,0.0,0.0,0.0,0.0,0.0,1.2,0.0,0.0,4.8,0.0,0.0,0.0,0.0,0.0
absolventa_17-12-18-14-30-28-725930,5.6,0.0,0.0,2.4,0.0,0.0,0.0,1.7999999999999998,0.0,1.6,0.0,0.0,0.0,0.0,0.0,0.0
absolventa_17-12-18-14-30-29-180606,0.0,0.0,2.0,8.4,0.0,0.0,0.0,1.7999999999999998,0.0,6.4,0.0,0.0,0.0,1.0,0.0,1.8
absolventa_17-12-18-14-30-29-597973,0.0,0.0,0.0,0.0,0.0,0.0,0.8,1.7999999999999998,0.0,0.0,0.0,0.0,0.0,0.0,0.0,0.0
absolventa_17-12-18-14-30-30-052137,0.0,0.0,2.0,0.0,0.0,0.0,0.0,1.2,0.0,0.0,0.0,0.0,0.0,0.0,0.0,0.0
absolventa_17-12-18-14-30-30-466926,0.0,0.0,0.0,0.0,0.0,0.0,0.0,0.0,0.0,0.0,0.0,0.0,0.0,0.0,0.0,0.0
absolventa_17-12-18-14-30-31-117805,0.0,0.0,0.0,0.0,0.0,0.0,0.0,0.0,0.0,0.0,0.0,0.0,0.0,0.0,0.0,0.0
absolventa_17-12-18-14-30-31-539403,0.0,0.0,0.0,1.2,0.0,0.0,0.0,3.0,0.0,0.0,0.0,0.0,0.0,0.0,0.0,0.0
absolventa_17-12-18-14-30-31-968618,0.0,0.0,0.0,2.4,2.6,0.0,0.0,1.2,0.0,1.6,0.0,0.0,0.0,0.0,0.0,0.0
absolventa_17-12-18-14-30-32-524882,0.0,0.0,4.0,0.0,0.0,0.0,0.0,1.2,0.0,0.0,0.0,0.0,0.0,0.0,0.0,0.0
absolventa_17-12-18-14-30-32-951249,0.0,0.0,0.0,1.2,0.0,0.0,0.0,1.2,0.0,1.6,0.0,3.0,0.0,0.0,0.0,0.0
absolventa_17-12-18-14-30-33-386100,0.0,0.0,4.0,1.2,0.0,0.0,0.0,0.6,0.0,0.0,0.0,0.0,0.0,1.0,0.0,0.0
absolventa_17-12-18-14-30-33-823443,0.0,0.0,0.0,1.2,0.0,0.0,0.0,1.2,0.0,1.6,0.0,0.0,0.0,0.0,0.0,0.0
absolventa_17-12-18-14-30-34-238078,2.8,0.0,0.0,0.0,0.0,0.0,0.0,1.7999999999999998,0.0,0.0,0.0,0.0,0.0,0.0,0.0,0.0
absolventa_17-12-18-14-30-34-648569,0.0,0.0,2.0,2.4,2.6,0.0,0.0,1.7999999999999998,0.0,0.0,9.6,0.0,0.0,0.0,0.0,0.0
absolventa_17-12-18-14-30-35-218822,0.0,0.0,0.0,1.2,0.0,0.0,0.0,0.6,0.0,4.800000000000001,0.0,0.0,0.0,0.0,0.0,0.0
absolventa_17-12-18-14-30-35-635143,0.0,0.0,0.0,0.0,0.0,0.8,0.0,0.6,0.0,0.0,0.0,0.0,0.0,0.0,0.0,1.8
absolventa_17-12-18-14-30-36-238021,0.0,0.0,0.0,4.8,0.0,0.0,0.0,1.7999999999999998,0.0,0.0,0.0,0.0,0.0,0.0,0.0,0.0
absolventa_17-12-18-14-30-36-689519,0.0,0.0,2.0,0.0,0.0,0.0,0.0,3.0,0.0,3.2,0.0,0.0,0.0,0.0,0.0,0.0
absolventa_17-12-18-14-30-37-200171,0.0,0.0,0.0,10.799999999999999,0.0,0.0,0.0,0.0,0.0,0.0,0.0,0.0,0.0,1.0,0.0,0.0
absolventa_17-12-18-14-30-37-652426,0.0,0.0,0.0,0.0,0.0,0.0,0.0,0.6,0.0,0.0,0.0,0.0,0.0,0.0,0.0,0.0
absolventa_17-12-18-14-30-38-077885,0.0,0.0,0.0,3.5999999999999996,0.0,0.0,0.0,0.6,0.0,0.0,0.0,0.0,0.0,0.0,0.0,1.8
absolventa_17-12-18-14-30-38-439540,0.0,0.0,0.0,2.4,0.0,0.0,0.0,1.2,0.0,0.0,0.0,0.0,0.0,0.0,0.0,0.0
absolventa_17-12-18-14-30-39-001034,0.0,0.2,0.0,0.0,0.0,0.0,0.0,0.6,0.0,0.0,0.0,0.0,0.0,0.0,0.0,0.0
absolventa_17-12-18-14-30-39-682880,0.0,0.0,0.0,1.2,0.0,0.0,0.0,0.6,0.0,0.0,0.0,0.0,0.0,0.0,0.0,0.0
absolventa_17-12-18-14-30-40-091843,0.0,0.0,0.0,0.0,0.0,0.0,0.0,0.6,0.0,0.0,0.0,0.0,0.0,0.0,0.0,0.0
absolventa_17-12-18-14-30-40-743292,0.0,0.0,0.0,2.4,0.0,0.0,0.0,0.6,0.0,0.0,0.0,0.0,0.0,0.0,0.0,0.0
absolventa_17-12-18-14-30-41-166140,0.0,0.0,0.0,13.2,0.0,0.0,0.0,1.7999999999999998,0.0,4.800000000000001,0.0,0.0,0.0,2.0,0.0,0.0
absolventa_17-12-18-14-30-41-768213,0.0,0.0,0.0,13.2,0.0,0.0,0.0,1.7999999999999998,0.0,4.800000000000001,0.0,0.0,0.0,2.0,0.0,0.0
absolventa_17-12-18-14-30-42-483195,0.0,0.0,0.0,9.6,0.0,0.0,0.0,1.7999999999999998,0.0,4.800000000000001,0.0,0.0,0.0,2.0,0.0,0.0
absolventa_17-12-18-14-30-42-930592,0.0,0.0,0.0,9.6,0.0,0.0,0.0,1.7999999999999998,0.0,4.800000000000001,0.0,0.0,0.0,2.0,0.0,0.0
absolventa_17-12-18-14-30-43-506418,0.0,0.0,0.0,9.6,0.0,0.0,0.0,1.7999999999999998,0.0,4.800000000000001,0.0,0.0,0.0,2.0,0.0,0.0
absolventa_17-12-18-14-30-43-947964,0.0,0.0,0.0,6.0,0.0,0.0,0.0,1.2,0.0,0.0,0.0,0.0,0.0,0.0,0.0,0.0
absolventa_17-12-18-14-30-44-370906,0.0,0.0,2.0,4.8,0.0,0.0,0.0,2.4,0.0,0.0,0.0,0.0,0.0,0.0,0.0,0.0
absolventa_17-12-18-14-30-44-807183,0.0,0.0,0.0,2.4,0.0,0.0,0.0,0.0,0.0,4.800000000000001,0.0,0.0,0.0,0.0,0.0,0.0
absolventa_17-12-18-14-30-45-239770,0.0,0.0,2.0,2.4,0.0,0.0,0.0,1.2,0.0,0.0,0.0,0.0,0.0,1.0,0.0,0.0
absolventa_17-12-18-14-30-45-648151,0.0,0.0,0.0,4.8,0.0,0.0,0.0,0.0,0.0,0.0,0.0,0.0,0.0,0.0,0.0,0.0
absolventa_17-12-18-14-30-46-091208,0.0,0.0,0.0,3.5999999999999996,0.0,0.0,0.0,1.2,0.0,0.0,0.0,0.0,0.0,2.0,2.4,0.0
absolventa_17-12-18-14-30-46-682260,0.0,0.0,0.0,2.4,0.0,0.0,0.0,1.2,0.0,1.6,0.0,0.0,0.0,0.0,0.0,0.0
absolventa_17-12-18-14-30-47-117022,0.0,0.0,0.0,1.2,2.6,0.0,0.0,1.7999999999999998,0.0,0.0,0.0,0.0,0.0,0.0,0.0,0.0
absolventa_17-12-18-14-30-47-550937,0.0,0.0,6.0,1.2,0.0,0.0,0.0,0.6,0.0,3.2,0.0,0.0,0.0,0.0,0.0,0.0
absolventa_17-12-18-14-30-47-999341,0.0,0.0,0.0,4.8,2.6,0.0,0.0,0.6,0.0,0.0,0.0,0.0,0.0,0.0,0.0,0.0
absolventa_17-12-18-14-30-48-630329,0.0,0.0,0.0,2.4,0.0,0.0,0.0,0.6,0.0,0.0,4.8,0.0,0.0,0.0,0.0,0.0
absolventa_17-12-18-14-30-49-044351,0.0,0.0,0.0,2.4,0.0,0.0,0.0,0.6,0.0,0.0,4.8,0.0,0.0,0.0,0.0,0.0
absolventa_17-12-18-14-30-49-460364,0.0,0.0,0.0,4.8,2.6,0.0,0.0,1.2,0.0,0.0,0.0,0.0,0.0,0.0,0.0,0.0
absolventa_17-12-18-14-30-50-069861,0.0,0.0,0.0,0.0,0.0,0.0,0.0,1.2,0.0,0.0,0.0,0.0,0.0,0.0,0.0,0.0
absolventa_17-12-18-14-30-50-673221,0.0,0.0,0.0,2.4,0.0,0.0,0.0,0.6,0.0,0.0,4.8,0.0,0.0,0.0,0.0,0.0
absolventa_17-12-18-14-30-51-495248,0.0,0.0,0.0,6.0,0.0,0.0,0.0,1.2,0.0,0.0,0.0,0.0,0.0,0.0,0.0,0.0
absolventa_17-12-18-14-30-51-930027,0.0,0.0,0.0,1.2,0.0,0.0,0.0,2.4,0.0,0.0,0.0,0.0,0.0,0.0,0.0,0.0
absolventa_17-12-18-14-30-52-517875,0.0,0.0,0.0,2.4,0.0,0.0,0.0,1.2,0.0,0.0,0.0,0.0,0.0,0.0,0.0,0.0
absolventa_17-12-18-14-30-53-020996,0.0,0.0,0.0,0.0,0.0,0.0,0.0,0.6,0.0,0.0,0.0,0.0,0.0,0.0,0.0,0.0
absolventa_17-12-18-14-30-53-446921,0.0,0.0,0.0,0.0,0.0,0.0,0.0,1.2,0.0,0.0,0.0,0.0,0.0,0.0,2.4,0.0
absolventa_17-12-18-14-30-53-852301,0.0,0.0,0.0,2.4,0.0,0.0,0.0,0.6,0.0,0.0,0.0,0.0,0.0,0.0,0.0,0.0
absolventa_17-12-18-14-30-54-568788,0.0,0.0,0.0,2.4,2.6,0.0,0.0,0.6,0.0,0.0,0.0,0.0,0.0,0.0,2.4,0.0
absolventa_17-12-18-14-30-55-292012,0.0,0.0,0.0,3.5999999999999996,0.0,0.0,0.0,0.6,0.0,0.0,0.0,0.0,0.0,0.0,0.0,0.0
absolventa_17-12-18-14-30-56-002342,0.0,0.0,0.0,4.8,0.0,0.0,0.0,0.6,0.0,0.0,0.0,0.0,0.0,0.0,0.0,0.0
absolventa_17-12-18-14-30-56-574029,0.0,0.0,0.0,3.5999999999999996,0.0,0.0,0.0,0.0,0.0,0.0,0.0,0.0,0.0,0.0,0.0,0.0
absolventa_17-12-18-14-30-57-233356,2.8,0.0,0.0,1.2,0.0,0.0,0.0,1.2,0.0,0.0,0.0,0.0,0.0,0.0,0.0,0.0
absolventa_17-12-18-14-30-57-945764,2.8,0.0,0.0,4.8,0.0,0.0,0.0,0.6,0.0,0.0,0.0,0.0,0.0,0.0,0.0,0.0
absolventa_17-12-18-14-30-58-492294,2.8,0.0,0.0,3.5999999999999996,0.0,0.0,0.0,0.6,0.0,0.0,0.0,0.0,0.0,1.0,0.0,0.0
absolventa_17-12-18-14-30-59-177059,0.0,0.0,0.0,14.399999999999999,0.0,0.0,0.0,0.6,0.0,0.0,0.0,0.0,0.0,0.0,0.0,0.0
absolventa_17-12-18-14-30-59-892967,0.0,0.0,0.0,9.6,0.0,0.0,0.0,0.6,0.0,0.0,0.0,0.0,0.0,0.0,0.0,0.0
absolventa_17-12-18-14-31-00-448249,0.0,0.0,0.0,6.0,0.0,0.0,0.0,0.0,0.0,0.0,0.0,0.0,0.0,0.0,0.0,0.0
absolventa_17-12-18-14-31-01-104908,0.0,0.0,0.0,6.0,0.0,0.0,0.0,0.6,0.0,0.0,0.0,0.0,0.0,0.0,0.0,0.0
absolventa_17-12-18-14-31-01-814037,0.0,0.0,0.0,3.5999999999999996,2.6,0.0,0.0,0.0,0.0,4.800000000000001,0.0,0.0,0.0,2.0,0.0,0.0
absolventa_17-12-18-14-31-02-265827,0.0,0.0,0.0,3.5999999999999996,0.0,0.0,0.0,1.2,0.0,0.0,0.0,0.0,0.0,0.0,0.0,0.0
absolventa_17-12-18-14-31-02-682146,0.0,0.0,0.0,6.0,7.800000000000001,0.0,0.0,0.0,0.0,4.800000000000001,0.0,0.0,0.0,6.0,0.0,0.0
absolventa_17-12-18-14-31-03-093058,0.0,0.0,0.0,0.0,0.0,0.0,0.0,2.4,0.0,0.0,0.0,0.0,0.0,0.0,0.0,0.0
absolventa_17-12-18-14-31-03-885181,0.0,0.0,0.0,10.799999999999999,0.0,0.0,0.0,0.6,0.0,0.0,0.0,0.0,0.0,0.0,0.0,0.0
absolventa_17-12-18-14-31-04-330367,0.0,0.0,0.0,7.199999999999999,0.0,0.0,0.0,0.6,0.0,3.2,0.0,0.0,0.0,0.0,0.0,0.0
absolventa_17-12-18-14-31-04-773007,0.0,0.0,0.0,2.4,0.0,0.0,0.0,1.2,0.0,0.0,0.0,0.0,0.0,0.0,0.0,0.0
absolventa_17-12-18-14-31-05-187268,0.0,0.0,0.0,4.8,0.0,0.0,0.0,0.0,0.0,0.0,0.0,0.0,0.0,0.0,0.0,0.0
absolventa_17-12-18-14-31-05-777682,0.0,0.0,0.0,4.8,0.0,0.0,0.0,1.2,0.0,0.0,0.0,0.0,0.0,0.0,0.0,0.0
absolventa_17-12-18-14-31-06-201924,0.0,0.0,0.0,4.8,0.0,0.0,0.0,1.2,0.0,0.0,2.4,0.0,0.0,0.0,0.0,0.0
absolventa_17-12-18-14-31-06-687192,0.0,0.0,0.0,4.8,0.0,0.0,0.0,1.2,0.0,0.0,0.0,0.0,0.0,0.0,0.0,0.0
absolventa_17-12-18-14-31-07-128706,0.0,0.0,6.0,2.4,0.0,0.0,0.0,1.2,0.0,1.6,0.0,0.0,0.0,1.0,0.0,0.0
absolventa_17-12-18-14-31-07-566532,0.0,0.0,6.0,2.4,0.0,0.0,0.0,1.2,0.0,1.6,0.0,0.0,0.0,1.0,0.0,0.0
absolventa_17-12-18-14-31-07-982919,0.0,0.0,6.0,2.4,0.0,0.0,0.0,1.2,0.0,1.6,0.0,0.0,0.0,1.0,0.0,0.0
absolventa_17-12-18-14-31-08-599800,0.0,0.0,0.0,0.0,0.0,0.0,0.0,0.6,0.0,0.0,0.0,0.0,0.0,0.0,0.0,0.0
absolventa_17-12-18-14-31-09-055757,0.0,0.0,0.0,1.2,2.6,0.0,0.0,1.2,0.0,0.0,0.0,0.0,0.0,2.0,0.0,0.0
absolventa_17-12-18-14-31-09-494179,0.0,0.0,0.0,2.4,0.0,0.0,0.0,3.0,0.0,0.0,0.0,0.0,0.0,0.0,0.0,0.0
absolventa_17-12-18-14-31-10-044397,0.0,0.0,0.0,2.4,0.0,0.0,0.0,1.2,0.0,0.0,0.0,0.0,0.0,0.0,0.0,0.0
absolventa_17-12-18-14-31-10-641986,0.0,0.0,0.0,2.4,2.6,0.0,0.0,0.6,0.0,0.0,0.0,0.0,0.0,0.0,0.0,0.0
absolventa_17-12-18-14-31-11-071619,0.0,0.0,0.0,4.8,0.0,0.0,0.4,0.0,0.0,0.0,0.0,3.0,0.0,0.0,0.0,0.0
absolventa_17-12-18-14-31-11-418389,0.0,0.0,0.0,3.5999999999999996,0.0,0.0,0.0,0.6,0.0,0.0,2.4,0.0,0.0,0.0,0.0,1.8
absolventa_17-12-18-14-31-12-182412,0.0,0.0,0.0,15.6,0.0,0.0,0.0,1.2,0.0,0.0,0.0,0.0,0.0,0.0,0.0,0.0
absolventa_17-12-18-14-31-12-709057,5.6,0.2,4.0,7.199999999999999,2.6,0.0,0.0,1.7999999999999998,0.0,3.2,0.0,0.0,0.0,1.0,2.4,0.0
absolventa_17-12-18-14-31-13-120618,0.0,0.0,0.0,3.5999999999999996,0.0,0.0,0.0,1.2,0.0,0.0,0.0,0.0,0.0,0.0,0.0,0.0
absolventa_17-12-18-14-31-13-673113,0.0,0.0,0.0,4.8,0.0,0.0,0.0,2.4,0.0,0.0,0.0,3.0,0.0,2.0,0.0,0.0
absolventa_17-12-18-14-31-14-120985,0.0,0.0,0.0,6.0,5.2,0.0,0.0,0.6,0.0,4.800000000000001,0.0,3.0,0.0,2.0,0.0,1.8
absolventa_17-12-18-14-31-14-629850,0.0,0.0,0.0,4.8,0.0,0.0,0.0,1.7999999999999998,0.0,0.0,0.0,0.0,0.0,0.0,2.4,0.0
absolventa_17-12-18-14-31-15-041202,0.0,0.0,0.0,0.0,0.0,0.0,0.0,2.4,0.0,0.0,0.0,0.0,0.0,0.0,0.0,0.0
absolventa_17-12-18-14-31-15-488265,0.0,0.0,0.0,4.8,5.2,0.0,0.0,3.0,0.0,0.0,0.0,3.0,0.0,4.0,2.4,0.0
absolventa_17-12-18-14-31-15-934979,0.0,0.0,0.0,6.0,0.0,0.0,0.0,2.4,0.0,0.0,0.0,0.0,0.0,0.0,0.0,0.0
absolventa_17-12-18-14-31-16-584416,0.0,0.0,0.0,6.0,0.0,0.0,0.0,0.0,0.0,0.0,0.0,0.0,0.0,0.0,0.0,0.0
absolventa_17-12-18-14-31-17-004438,0.0,0.0,0.0,6.0,5.2,0.0,0.0,0.6,0.0,4.800000000000001,0.0,3.0,0.0,2.0,0.0,1.8
absolventa_17-12-18-14-31-17-609193,0.0,0.0,0.0,0.0,0.0,0.0,0.0,2.4,0.0,0.0,0.0,0.0,0.0,0.0,0.0,0.0
absolventa_17-12-18-14-31-18-055885,2.8,0.0,6.0,1.2,0.0,0.0,0.0,0.6,0.0,1.6,0.0,0.0,0.0,0.0,0.0,1.8
absolventa_17-12-18-14-31-18-477298,2.8,0.0,4.0,2.4,0.0,0.0,0.0,0.6,0.0,0.0,0.0,0.0,0.0,4.0,0.0,0.0
absolventa_17-12-18-14-31-18-888839,0.0,0.0,0.0,2.4,0.0,0.0,0.0,1.2,0.0,0.0,0.0,0.0,0.0,0.0,0.0,0.0
absolventa_17-12-18-14-31-19-430380,0.0,0.0,0.0,2.4,0.0,0.0,0.0,2.4,0.0,0.0,0.0,0.0,0.0,0.0,0.0,0.0
absolventa_17-12-18-14-31-20-068262,0.0,0.0,0.0,2.4,0.0,0.0,0.0,2.4,0.0,0.0,0.0,0.0,0.0,0.0,0.0,0.0
absolventa_17-12-18-14-31-20-506795,0.0,0.0,0.0,2.4,0.0,0.0,0.0,2.4,0.0,0.0,0.0,0.0,0.0,0.0,0.0,0.0
absolventa_17-12-18-14-31-20-923926,0.0,0.0,0.0,2.4,0.0,0.0,0.0,2.4,0.0,0.0,0.0,0.0,0.0,0.0,0.0,0.0
absolventa_17-12-18-14-31-21-506711,0.0,0.0,0.0,8.4,0.0,0.0,0.0,3.0,0.0,0.0,0.0,0.0,0.0,0.0,0.0,0.0
absolventa_17-12-18-14-31-21-810692,0.0,0.0,0.0,1.2,0.0,0.0,0.0,1.2,0.0,0.0,0.0,0.0,0.0,0.0,0.0,0.0
absolventa_17-12-18-14-31-22-177767,0.0,0.0,0.0,12.0,0.0,0.0,0.0,1.7999999999999998,0.0,0.0,0.0,0.0,0.0,0.0,0.0,0.0
absolventa_17-12-18-14-31-22-600218,0.0,0.0,0.0,4.8,0.0,0.0,0.0,3.0,0.0,0.0,0.0,0.0,0.0,3.0,0.0,0.0
absolventa_17-12-18-14-31-23-039665,5.6,0.4,16.0,2.4,0.0,0.0,0.0,2.4,0.0,0.0,0.0,0.0,0.0,0.0,0.0,0.0
absolventa_17-12-18-14-31-23-462706,8.399999999999999,0.2,12.0,2.4,0.0,0.0,0.0,0.0,0.0,0.0,0.0,6.0,0.0,0.0,0.0,0.0
absolventa_17-12-18-14-31-23-901000,30.799999999999997,1.0,26.0,1.2,0.0,0.0,0.0,1.2,0.0,1.6,0.0,6.0,0.0,0.0,0.0,0.0
absolventa_17-12-18-14-31-24-321076,0.0,0.2,4.0,3.5999999999999996,0.0,0.0,0.0,0.0,0.0,3.2,0.0,0.0,0.0,1.0,0.0,1.8
absolventa_17-12-18-14-31-24-738064,0.0,0.0,0.0,2.4,0.0,0.0,0.0,0.6,0.0,0.0,0.0,0.0,0.0,1.0,0.0,3.6
absolventa_17-12-18-14-31-25-159995,0.0,0.0,0.0,2.4,0.0,0.0,0.0,1.7999999999999998,0.0,0.0,0.0,0.0,0.0,0.0,0.0,3.6
absolventa_17-12-18-14-31-25-624222,0.0,0.2,2.0,4.8,0.0,0.0,0.0,1.2,0.0,0.0,0.0,0.0,0.0,0.0,0.0,0.0
absolventa_17-12-18-14-31-26-065144,0.0,0.6000000000000001,6.0,3.5999999999999996,0.0,0.8,0.0,1.2,0.0,0.0,0.0,0.0,0.0,0.0,0.0,0.0
absolventa_17-12-18-14-31-26-394722,0.0,0.6000000000000001,6.0,3.5999999999999996,0.0,0.8,0.0,1.2,0.0,0.0,0.0,0.0,0.0,0.0,0.0,0.0
absolventa_17-12-18-14-31-26-799326,0.0,0.6000000000000001,6.0,3.5999999999999996,0.0,0.8,0.0,1.2,0.0,0.0,0.0,0.0,0.0,0.0,0.0,0.0
absolventa_17-12-18-14-31-27-107987,0.0,0.6000000000000001,6.0,3.5999999999999996,0.0,0.8,0.0,1.2,0.0,0.0,0.0,0.0,0.0,0.0,0.0,0.0
absolventa_17-12-18-14-31-27-642962,0.0,0.2,4.0,1.2,0.0,0.0,0.0,0.6,0.0,0.0,0.0,0.0,0.0,0.0,0.0,0.0
absolventa_17-12-18-14-31-28-075847,2.8,2.0,0.0,4.8,0.0,0.0,0.0,1.7999999999999998,0.0,0.0,0.0,0.0,0.0,0.0,0.0,0.0
absolventa_17-12-18-14-31-28-455940,0.0,0.0,0.0,0.0,0.0,0.0,0.0,0.6,0.0,0.0,14.399999999999999,0.0,0.0,0.0,0.0,0.0
absolventa_17-12-18-14-31-28-853181,0.0,0.0,2.0,1.2,0.0,0.0,0.0,2.4,0.0,0.0,9.6,0.0,0.0,0.0,0.0,0.0
absolventa_17-12-18-14-31-29-527068,0.0,0.0,0.0,0.0,0.0,0.0,0.0,0.0,0.0,0.0,4.8,0.0,0.0,0.0,0.0,0.0
absolventa_17-12-18-14-31-29-986118,0.0,0.0,0.0,0.0,0.0,0.0,0.0,0.6,0.0,0.0,9.6,0.0,0.0,0.0,0.0,0.0
absolventa_17-12-18-14-31-30-420542,2.8,0.0,0.0,0.0,2.6,0.0,0.0,2.4,0.0,0.0,7.199999999999999,0.0,0.0,0.0,2.4,0.0
absolventa_17-12-18-14-31-31-022047,0.0,0.0,0.0,1.2,0.0,0.0,0.0,1.2,0.0,0.0,4.8,0.0,0.0,0.0,0.0,0.0
absolventa_17-12-18-14-31-31-454269,0.0,0.0,0.0,0.0,0.0,0.0,0.0,1.7999999999999998,0.0,0.0,9.6,0.0,0.0,0.0,0.0,0.0
absolventa_17-12-18-14-31-31-875773,0.0,0.0,0.0,0.0,0.0,0.0,0.0,1.7999999999999998,0.0,0.0,9.6,0.0,0.0,0.0,0.0,0.0
absolventa_17-12-18-14-31-32-414451,0.0,0.0,0.0,1.2,0.0,0.0,0.0,3.5999999999999996,0.0,0.0,16.8,3.0,0.0,0.0,0.0,0.0
absolventa_17-12-18-14-31-32-824192,2.8,0.0,0.0,0.0,0.0,0.0,0.0,7.199999999999999,0.0,0.0,0.0,0.0,0.0,0.0,0.0,0.0
absolventa_17-12-18-14-31-33-250300,2.8,0.0,0.0,0.0,0.0,0.0,0.0,7.199999999999999,0.0,0.0,0.0,0.0,0.0,0.0,0.0,0.0
absolventa_17-12-18-14-31-33-656581,0.0,0.0,0.0,0.0,0.0,0.0,0.0,0.6,0.0,0.0,4.8,3.0,0.0,0.0,0.0,0.0
absolventa_17-12-18-14-31-34-059489,0.0,0.0,0.0,0.0,0.0,0.0,0.0,1.7999999999999998,0.0,0.0,0.0,0.0,0.0,0.0,0.0,0.0
absolventa_17-12-18-14-31-34-468850,0.0,0.0,0.0,1.2,0.0,0.0,0.0,3.0,0.0,1.6,0.0,0.0,0.0,0.0,0.0,0.0
absolventa_17-12-18-14-31-35-016314,0.0,0.0,4.0,1.2,0.0,0.0,0.0,0.6,0.0,0.0,0.0,0.0,0.0,1.0,0.0,0.0
absolventa_17-12-18-14-31-35-437494,0.0,0.0,2.0,0.0,0.0,0.0,0.0,1.7999999999999998,0.0,0.0,0.0,0.0,0.0,0.0,0.0,0.0
absolventa_17-12-18-14-31-36-039980,0.0,0.0,0.0,0.0,0.0,0.0,0.0,3.0,0.0,0.0,2.4,0.0,0.0,0.0,0.0,0.0
absolventa_17-12-18-14-31-36-463682,0.0,0.0,0.0,0.0,0.0,0.0,0.0,1.7999999999999998,0.0,0.0,0.0,0.0,0.0,0.0,0.0,0.0
absolventa_17-12-18-14-31-37-061690,0.0,0.0,0.0,0.0,0.0,0.0,0.0,1.2,0.0,0.0,0.0,0.0,0.0,0.0,0.0,0.0
absolventa_17-12-18-14-31-37-506505,0.0,0.0,0.0,0.0,0.0,0.0,0.0,0.6,0.0,0.0,0.0,0.0,0.0,0.0,0.0,0.0
absolventa_17-12-18-14-31-37-928884,0.0,0.0,0.0,0.0,0.0,0.0,0.0,2.4,0.0,0.0,0.0,0.0,0.0,0.0,0.0,0.0
absolventa_17-12-18-14-31-38-364116,0.0,0.0,0.0,0.0,0.0,0.0,0.0,2.4,0.0,0.0,0.0,0.0,0.0,0.0,0.0,0.0
absolventa_17-12-18-14-31-38-781215,0.0,0.0,0.0,0.0,0.0,0.0,0.0,0.6,0.0,0.0,0.0,0.0,0.0,0.0,0.0,0.0
absolventa_17-12-18-14-31-39-421076,0.0,0.0,0.0,0.0,0.0,0.0,0.0,0.6,0.0,0.0,0.0,0.0,0.0,0.0,0.0,0.0
absolventa_17-12-18-14-31-39-820886,0.0,0.0,0.0,1.2,0.0,0.0,0.0,2.4,0.0,0.0,0.0,6.0,0.0,0.0,0.0,0.0
absolventa_17-12-18-14-31-40-541509,0.0,0.0,0.0,0.0,0.0,0.0,0.0,1.7999999999999998,0.0,0.0,4.8,0.0,0.0,0.0,0.0,0.0
absolventa_17-12-18-14-31-40-949443,0.0,0.0,0.0,0.0,0.0,0.0,0.0,1.7999999999999998,0.0,0.0,4.8,0.0,0.0,0.0,0.0,0.0
absolventa_17-12-18-14-31-41-567629,0.0,0.0,0.0,0.0,0.0,0.0,0.0,2.4,0.0,0.0,0.0,0.0,0.0,0.0,0.0,0.0
absolventa_17-12-18-14-31-41-981313,0.0,0.0,0.0,0.0,0.0,0.0,0.0,2.4,2.8,0.0,0.0,0.0,0.0,0.0,0.0,0.0
absolventa_17-12-18-14-31-42-297152,0.0,0.0,0.0,0.0,0.0,0.0,0.0,1.2,0.0,0.0,0.0,0.0,0.0,0.0,0.0,0.0
absolventa_17-12-18-14-31-42-897643,0.0,0.0,2.0,0.0,0.0,0.0,0.0,1.7999999999999998,0.0,0.0,0.0,0.0,0.0,0.0,0.0,0.0
absolventa_17-12-18-14-31-43-303742,0.0,0.0,0.0,0.0,0.0,0.0,0.0,2.4,0.0,0.0,0.0,0.0,0.0,0.0,0.0,0.0
absolventa_17-12-18-14-31-43-776114,0.0,0.0,0.0,0.0,0.0,0.0,0.0,1.2,0.0,0.0,0.0,0.0,0.0,0.0,0.0,0.0
absolventa_17-12-18-14-31-44-341142,0.0,0.0,0.0,0.0,0.0,0.0,0.0,3.0,0.0,0.0,0.0,0.0,0.0,0.0,0.0,0.0
absolventa_17-12-18-14-31-44-759776,0.0,0.0,0.0,0.0,0.0,0.0,0.0,2.4,0.0,0.0,0.0,0.0,0.0,0.0,0.0,0.0
absolventa_17-12-18-14-31-45-361277,0.0,0.0,0.0,0.0,0.0,0.0,0.0,2.4,0.0,0.0,0.0,0.0,0.0,0.0,0.0,0.0
absolventa_17-12-18-14-31-45-767202,0.0,0.0,0.0,0.0,0.0,0.0,0.0,3.5999999999999996,0.0,0.0,0.0,0.0,0.0,0.0,0.0,0.0
absolventa_17-12-18-14-31-46-381212,0.0,0.0,0.0,0.0,0.0,0.0,0.0,3.0,0.0,0.0,4.8,0.0,0.0,0.0,0.0,0.0
absolventa_17-12-18-14-31-46-809309,0.0,0.0,0.0,0.0,0.0,0.0,0.0,3.0,0.0,0.0,4.8,0.0,0.0,0.0,0.0,0.0
absolventa_17-12-18-14-31-47-227839,0.0,0.0,0.0,0.0,0.0,0.0,0.0,0.0,0.0,0.0,0.0,0.0,0.0,0.0,0.0,1.8
absolventa_17-12-18-14-31-47-721877,0.0,0.0,0.0,0.0,0.0,0.0,0.0,1.7999999999999998,0.0,0.0,0.0,6.0,0.0,0.0,0.0,0.0
absolventa_17-12-18-14-31-48-336533,0.0,0.0,0.0,0.0,0.0,0.0,0.0,2.4,0.0,0.0,0.0,3.0,0.0,0.0,0.0,0.0
absolventa_17-12-18-14-31-48-942286,0.0,0.0,2.0,1.2,0.0,0.0,0.0,1.7999999999999998,0.0,0.0,4.8,0.0,0.0,0.0,0.0,0.0
absolventa_17-12-18-14-31-49-399014,0.0,0.0,0.0,0.0,0.0,0.0,0.0,3.5999999999999996,0.0,0.0,0.0,3.0,0.0,0.0,0.0,0.0
absolventa_17-12-18-14-31-49-810661,0.0,0.0,0.0,0.0,0.0,0.0,0.0,2.4,0.0,0.0,0.0,0.0,0.0,0.0,0.0,0.0
absolventa_17-12-18-14-31-50-343788,0.0,0.0,0.0,0.0,0.0,0.0,0.0,2.4,0.0,0.0,0.0,0.0,0.0,0.0,0.0,0.0
absolventa_17-12-18-14-31-50-753576,0.0,0.0,0.0,0.0,0.0,0.0,0.0,2.4,0.0,0.0,0.0,0.0,0.0,0.0,0.0,0.0
absolventa_17-12-18-14-31-51-153689,0.0,0.0,0.0,0.0,0.0,0.0,0.0,2.4,0.0,0.0,0.0,0.0,0.0,0.0,0.0,0.0
absolventa_17-12-18-14-31-51-569327,0.0,0.0,0.0,0.0,0.0,0.0,0.0,1.2,0.0,0.0,0.0,0.0,0.0,0.0,0.0,0.0
absolventa_17-12-18-14-31-51-994103,0.0,0.0,0.0,2.4,0.0,0.0,0.0,1.2,0.0,0.0,14.399999999999999,0.0,0.0,0.0,0.0,0.0
absolventa_17-12-18-14-31-52-530807,0.0,0.0,0.0,1.2,0.0,0.8,0.0,2.4,0.0,0.0,0.0,3.0,0.0,0.0,0.0,0.0
absolventa_17-12-18-14-31-53-140033,0.0,0.0,0.0,2.4,0.0,0.0,0.0,3.0,0.0,0.0,0.0,0.0,0.0,0.0,0.0,0.0
absolventa_17-12-18-14-31-53-587452,0.0,0.0,0.0,0.0,0.0,0.0,0.0,2.4,0.0,1.6,0.0,3.0,0.0,0.0,0.0,0.0
absolventa_17-12-18-14-31-54-162187,0.0,0.0,0.0,0.0,0.0,0.0,0.0,1.7999999999999998,0.0,0.0,0.0,6.0,0.0,0.0,0.0,0.0
absolventa_17-12-18-14-31-54-778695,0.0,0.0,0.0,1.2,0.0,0.0,0.0,0.6,0.0,0.0,0.0,0.0,0.0,0.0,0.0,0.0
absolventa_17-12-18-14-31-55-180409,2.8,0.0,0.0,0.0,0.0,0.0,0.0,0.6,0.0,0.0,4.8,0.0,0.0,0.0,0.0,0.0
absolventa_17-12-18-14-31-55-803546,0.0,0.0,0.0,0.0,0.0,0.0,0.0,1.2,0.0,0.0,4.8,3.0,0.0,0.0,0.0,0.0
absolventa_17-12-18-14-31-56-237591,0.0,0.0,0.0,0.0,0.0,0.0,0.0,1.2,0.0,0.0,4.8,3.0,0.0,0.0,0.0,0.0
absolventa_17-12-18-14-31-56-654343,0.0,0.0,0.0,0.0,0.0,0.0,0.0,1.2,0.0,0.0,0.0,6.0,0.0,0.0,0.0,0.0
absolventa_17-12-18-14-31-57-298456,0.0,0.0,0.0,0.0,0.0,0.0,0.0,1.2,0.0,0.0,0.0,0.0,0.0,0.0,0.0,0.0
absolventa_17-12-18-14-31-57-740804,0.0,0.0,0.0,0.0,0.0,0.0,0.0,0.6,0.0,0.0,0.0,0.0,0.0,0.0,0.0,0.0
absolventa_17-12-18-14-31-58-233376,0.0,0.0,0.0,0.0,0.0,0.0,0.0,0.0,0.0,0.0,0.0,0.0,0.0,0.0,0.0,0.0
absolventa_17-12-18-14-31-58-670798,0.0,0.0,0.0,0.0,0.0,0.0,0.0,0.0,0.0,0.0,0.0,0.0,0.0,0.0,0.0,0.0
absolventa_17-12-18-14-31-59-283182,0.0,0.0,2.0,0.0,0.0,0.8,0.0,0.6,0.0,0.0,4.8,0.0,0.0,0.0,0.0,0.0
absolventa_17-12-18-14-31-59-732975,0.0,0.0,0.0,0.0,0.0,0.0,0.0,0.0,0.0,0.0,0.0,3.0,0.0,0.0,0.0,0.0
absolventa_17-12-18-14-32-00-373037,0.0,0.0,0.0,1.2,0.0,0.0,0.0,0.0,0.0,0.0,4.8,0.0,0.0,0.0,0.0,0.0
absolventa_17-12-18-14-32-00-806003,0.0,0.0,0.0,1.2,2.6,0.0,0.0,1.7999999999999998,0.0,0.0,0.0,0.0,0.0,0.0,0.0,0.0
absolventa_17-12-18-14-32-01-330204,0.0,0.0,0.0,0.0,0.0,0.0,0.0,3.0,0.0,0.0,0.0,3.0,0.0,0.0,0.0,0.0
absolventa_17-12-18-14-32-01-795379,0.0,0.0,0.0,0.0,0.0,0.0,0.0,1.2,0.0,0.0,0.0,0.0,0.0,0.0,0.0,0.0
absolventa_17-12-18-14-32-02-332871,0.0,0.0,0.0,3.5999999999999996,0.0,0.0,0.0,1.2,0.0,0.0,9.6,0.0,0.0,0.0,0.0,0.0
absolventa_17-12-18-14-32-02-758694,0.0,0.0,0.0,0.0,0.0,0.0,0.0,1.7999999999999998,1.4,0.0,0.0,3.0,0.0,0.0,0.0,0.0
absolventa_17-12-18-14-32-03-178031,0.0,0.0,0.0,0.0,0.0,0.0,0.0,1.2,0.0,0.0,0.0,3.0,0.0,0.0,0.0,0.0
absolventa_17-12-18-14-32-03-748097,0.0,0.0,0.0,0.0,0.0,0.0,0.0,1.7999999999999998,0.0,0.0,0.0,0.0,0.0,0.0,0.0,0.0
absolventa_17-12-18-14-32-04-376113,0.0,0.0,2.0,0.0,0.0,0.0,0.0,0.0,0.0,0.0,9.6,0.0,0.0,0.0,2.4,1.8
absolventa_17-12-18-14-32-04-920704,0.0,0.0,2.0,0.0,0.0,0.0,0.0,0.0,0.0,0.0,0.0,0.0,0.0,0.0,0.0,0.0
absolventa_17-12-18-14-32-05-501840,0.0,0.2,4.0,1.2,5.2,0.0,0.0,1.2,0.0,0.0,4.8,0.0,0.0,0.0,0.0,0.0
absolventa_17-12-18-14-32-05-906692,0.0,0.0,0.0,1.2,0.0,0.0,0.0,0.6,1.4,0.0,0.0,0.0,0.0,0.0,0.0,0.0
absolventa_17-12-18-14-32-06-473094,0.0,0.0,2.0,7.199999999999999,0.0,0.8,0.0,1.2,0.0,0.0,0.0,0.0,0.0,0.0,0.0,0.0
absolventa_17-12-18-14-32-07-007293,0.0,0.0,2.0,1.2,0.0,0.0,0.0,0.0,0.0,0.0,4.8,0.0,0.0,0.0,0.0,0.0
absolventa_17-12-18-14-32-07-577836,0.0,0.0,2.0,1.2,0.0,0.0,0.0,0.0,0.0,0.0,4.8,0.0,0.0,0.0,0.0,0.0
absolventa_17-12-18-14-32-08-040793,0.0,0.0,2.0,0.0,2.6,0.0,0.0,2.4,0.0,0.0,0.0,3.0,0.0,0.0,0.0,0.0
absolventa_17-12-18-14-32-08-603267,0.0,0.0,0.0,0.0,0.0,0.0,0.0,0.6,0.0,0.0,0.0,0.0,0.0,0.0,0.0,0.0
absolventa_17-12-18-14-32-09-021727,0.0,0.0,0.0,0.0,0.0,0.0,0.0,1.7999999999999998,0.0,0.0,0.0,0.0,0.0,0.0,0.0,0.0
absolventa_17-12-18-14-32-09-628427,0.0,0.0,0.0,0.0,0.0,0.8,0.0,3.5999999999999996,0.0,0.0,0.0,0.0,0.0,0.0,0.0,0.0
absolventa_17-12-18-14-32-10-070762,0.0,0.0,2.0,0.0,2.6,0.0,0.0,1.2,0.0,0.0,9.6,0.0,0.0,0.0,0.0,0.0
absolventa_17-12-18-14-32-10-612788,0.0,0.0,0.0,0.0,0.0,0.0,0.0,1.7999999999999998,0.0,0.0,0.0,0.0,0.0,0.0,0.0,0.0
absolventa_17-12-18-14-32-11-308684,0.0,0.0,0.0,0.0,0.0,0.0,0.0,1.7999999999999998,0.0,0.0,0.0,0.0,0.0,0.0,0.0,0.0
absolventa_17-12-18-14-32-11-883424,0.0,0.0,0.0,1.2,0.0,0.0,0.0,1.7999999999999998,0.0,0.0,0.0,0.0,0.0,0.0,0.0,0.0
absolventa_17-12-18-14-32-12-298378,0.0,0.0,0.0,0.0,0.0,0.0,0.0,1.2,0.0,0.0,0.0,0.0,0.0,0.0,0.0,0.0
